"id";"type";"title";"effect";"tags";"conditional_tags";"lore";"discipline";"rarity";"author";"socket_a";"socket_b";"socket_d";"socket_e";"socket_f";"socket_g";"energy";"speed";"hp";"armour";"shield";"abm";"damage";"control";"damage_abm";"damage_shield";"damage_armour"
"101";"equipment";"Quantentorpedos";"";"Einmalige Verwendung";"";"""Wer über die Quantentheorie nicht entsetzt ist, der hat sie nicht verstanden."" - Niels Bohr";"";"5";"C. Thomsen";"";"";"-1";"";"";"";"-1";"";"";"";"";"";"24";"";"-9";"-7";""
"102";"hull";"Sternbasis [Sektion]";"Komponenten (3x Sektion)";"";"";"Diese Sternbasis wurde errichtet, um diesen Teil unseres Sonnensystems zu kontrollieren.";"";"5";"pikabobalex @sketchfab";"1";"2";"1";"3";"";"";"";"0";"17";"";"";"";"";"";"";"";""
"103";"equipment";"Adamantiumpanzer";"";"Einmalige Verwendung";"";"Adamantium ist eine äußerst seltene Legierung, die nur in einigen wenigen Legierungsgießereien im Sonnensystem hergestellt werden kann.";"";"5";"C. Thomsen";"";"";"";"-2";"";"";"";"";"";"";"";"";"";"";"";"";""
"104";"equipment";"Antimaterietorpedos";"";"Einmalige Verwendung";"";"Jeder dieser Sprengköpfe ist mit 2 kg Antimaterie bestückt, welche bei Annihilation eine Sprengkraft äquivalent zu 90 Megatonnen TNT freisetzt.";"";"5";"C. Thomsen";"";"";"-1";"";"";"";"-2";"";"";"";"";"";"22";"";"-11";"";""
"104";"equipment";"Reparaturnaniten";"Entferne am Ende deines Zuges bis zu 10 Schadensmarken von diesem Schiff.";"";"";"""Sollen sich auch alle schämen, die gedankenlos sich der Wunder der Wissenschaft und Technik bedienen, und nicht mehr davon geistig erfasst haben als die Kuh von der Botanik der Pflanzen, die sie mit Wohlbehagen frisst."" - Albert Einstein";"";"5";"Yulyolya @sketchfab";"";"";"";"-1";"";"";"-1";"";"";"";"";"";"";"";"";"";""
"105";"infrastructure";"Antimateriereaktor";"Wird dieses Schiff im Gefecht zerstört, füge vor dem Entfernen dieser Karte allen an diesem Gefecht teilnehmenden Schiffen 1 {ICON:damage} zu.";"";"";"Dieser Reaktor nutzt die bei der Kollision von Materie mit Antimaterie freigewordene Energie. Eine unkontrollierte Kollision der gesamten hier verwahrten Antimaterie hätte jedoch fatale Folgen.";"";"5";"glewindesign @sketchfab";"";"";"";"-3";"";"";"10";"";"";"";"";"";"";"";"";"";""
"106";"equipment";"Tachyonlanze";"";"";"";"Diese experimentellen Energiewaffen verschießen superluminare Tachyonen. Da Tachyonen sich schneller als das Licht bewegen, haben die Ziele selbst auf extremen Distanzen keine Möglichkeiten Gegenmaßnahmen einzuleiten, bevor sie getroffen werden.";"";"5";"C. Thomsen";"";"-2";"";"";"";"";"-4";"";"";"";"";"";"8";"";"";"-5";""
"107";"equipment";"Partikellanze";"";"";"";"Diese schweren Energiewaffen verschießen fokussierte Partikelstrahlen, welche außerhalb von Energieschilden verheerende Schäden verursachen.";"";"4";"cinnamine @sketchfab";"";"-2";"";"";"";"";"-2";"";"";"";"";"";"7";"";"";"-5";""
"108";"tactic";"Asteroideneinschlag";"";"Unsere Astrodynamiker sagen, dass wir einen großen Felsbrocken aus den Ringen des Saturns mittels eines Swing-by-Manövers in ein tödliches Geschoss verwandeln könnten.";"";"Diese Karte führt einen einzelnen Angriff auf eine gegnerische Kolonie aus.";"Wissenschaft";"4";"C. Thomsen";"";"";"";"";"";"";"";"";"";"";"";"";"15";"";"-3";"";""
"109";"equipment";"Plasmanachbrenner";"";"";"";"""Es gibt Wichtigeres im Leben, als beständig dessen Geschwindigkeit zu erhöhen."" - Mahatma Gandhi";"";"4";"P. Linforth";"";"";"";"";"";"-1";"-3";"+2";"";"";"";"";"";"";"";"";""
"110";"tactic";"Nanobot Wolke";"";"Modernste Nanotechnologie macht diese kleinen Helfer zum perfekten Werkzeug für die kontinuierliche Instandhaltung großer Flottenverbände.";"";"Entferne 3 Schadensmarken von jeder deiner {ICON:hull}-Karten (von einem Kreuzer mit 3 Karten also z.B. 9 Schadensmarken).";"Wissenschaft";"4";"Yulyolya @sketchfab";"";"";"";"";"";"";"";"";"";"";"";"";"";"";"";"";""
"111";"hull";"Raumstation [Sektion]";"";"Komponenten (2x Sektion)";"";"Eine militärische Raumstation mit Anlagen zur Montage von Waffensystemen verschiedener Größenordnungen.";"";"4";"JCK5D @pixabay";"1";"2";"";"2";"";"";"";"0";"14";"";"";"";"";"";"";"";""
"112";"orb";"Titan";"";"Planetar Unerschöpflich Aktion ( {ICON:hull} | {ICON:infrastructure} )";"";"Der größte Mond des Saturns ist zugleich der einzige Mond des Sonnensystems mit einer dichten Atmosphäre.";"";"4";"NASA";"";"";"";"";"";"";"";"";"";"";"1";"";"";"";"";"";""
"113";"hull";"Sternbasis [Sektion]";"Komponenten (3x Sektion)";"";"";"Sternbasen sind weitestgehend autarke Stationen, welche monatelang ohne Nachschubkonvois auskommen können.";"";"4";"pikabobalex @sketchfab";"";"3";"";"2";"1";"";"";"0";"15";"";"";"";"";"";"";"";""
"114";"infrastructure";"Flottenlogistikzentrum";"Ziehe am Ende deines Zuges eine Karte, falls du weniger als 7 Handkarten hast.";"";"";"""Meine Logistiker sind ein humorloser Haufen. Sie wissen, dass sie die Ersten sein werden, die ich schlachte, sollte meine Kampagne fehlschlagen."" - Alexander der Große";"";"4";"Coxinha @pixabay";"";"";"";"";"-2";"";"-4";"";"";"";"";"";"";"";"";"";""
"115";"equipment";"Ablative Magnetpanzerung";"";"Unerschöpflich";"";"Diese aus winzigen magnetisierten Platten bestehende Panzerung verschließt Schäden innerhalb von Sekundenbruchteilen.";"";"4";"Gmit @pixabay";"";"";"";"-1";"";"";"";"";"";"";"";"";"";"";"";"";""
"116";"hull";"Kreuzer [Kern]";"";"Komponenten (Bug, Kern, Heck)";"";"Kreuzer bilden das Rückgrad ernstzunehmender Kampfverbände. Sie können je nach Konfiguration für den schnellen Einsatz oder aber für größere Gefechtsszenarien optimiert werden.";"";"3";"Noupload @pixabay";"1";"1";"";"1";"";"";"";"";"9";"";"";"";"";"";"";"";""
"117";"hull";"Kreuzer [Kern]";"";"Komponenten (Bug, Kern, Heck)";"";"Kreuzer bilden das Rückgrad ernstzunehmender Kampfverbände. In dem großen Hangarmodul dieses Kreuzers können zahlreiche Gefechtsköpfe geladen werden.";"";"3";"Noupload @pixabay";"";"";"2";"1";"";"";"";"";"9";"";"";"";"";"";"";"";""
"118";"equipment";"Ionendisruptor";"";"";"";"Disruptorwaffen schwächen die molekulare Bindung der Atome ihres Ziels. Sie gehören zu den wenigen Waffensystemen, gegen die es bislang keine effektiven Schutzmaßnahmen gibt, da weder Strahlenschilde noch Panzerungssysteme die Schadenswirkung dämpfen.";"";"3";"MSGDI @sketchfab";"-1";"";"";"";"";"";"";"";"";"";"";"";"6";"";"";"";""
"119";"hull";"Orbitaler Außenposten";"";"";"";"Dieser Außenposten ist nicht für die zivile Nutzung der Kolonie ausgelegt, sondern dient ausschließlich der militärischen Sicherung.";"";"3";"DaiSentai @sketchfab";"1";"2";"";"2";"";"";"";"0";"11";"";"";"";"";"";"";"";""
"120";"hull";"Kreuzer [Bug]";"";"Komponenten (Bug, Kern, Heck)";"";"Der verstärkte Rumpf dieses schweren Kreuzers ist für den Kampf an vorderster Front ausgelegt.";"";"3";"Noupload @pixabay";"1";"";"1";"1";"";"";"";"-1";"13";"";"";"";"";"";"";"";""
"121";"hull";"Kreuzer [Kern]";"";"Komponenten (Bug, Kern, Heck)";"";"Kreuzer bilden das Rückgrad ernstzunehmender Kampfverbände. Der Rumpf dieses Schiffes kann auch sehr schwere Geschütze tragen.";"";"3";"Noupload @pixabay";"";"2";"";"1";"";"";"";"";"9";"";"";"";"";"";"";"";""
"122";"hull";"Kreuzer [Heck]";"";"Komponenten (Bug, Kern, Heck)";"";"Trotz seiner Größe kann dieser Kreuzer mit der Geschwindigkeit der meisten kleineren Zerstörer und Fregatten mithalten.";"";"3";"Noupload @pixabay";"";"1";"";"1";"";"1";"";"3";"8";"";"";"";"";"";"";"";""
"123";"tactic";"Handelsabkommen";"";"Die äußeren Kolonien sind weitestgehend autark, doch ein Handelsabkommen mit etablierten Kolonien ermöglicht Zugang zu seltenen Ressourcen.";"";"Lege die obersten 2 Karten deines Decks auf deinen Ablagestapel. Durchsuche dein Deck nach einer beliebigen nicht-{ICON:orb} Karte, zeige sie deinen Gegnern, mische dein Deck und lege die Karte auf dein Deck.";"Wirtschaft";"3";"Pexels @pixabay";"";"";"";"";"";"";"";"";"";"";"";"";"";"";"";"";""
"124";"equipment";"Universaladapter";"";"";"";"Auf den lunaren Schiffswerften sind alle Schiffe und Bauteile standardisiert. Doch für unsere Anforderungen müssen wir manchmal von diesen Standards abweichen und improvisieren.";"Wissenschaft";"3";"xresch @pixabay";"+1";"-1";"+1";"+1";"";"";"";"";"";"";"";"";"";"";"";"";""
"125";"equipment";"Plasmakanone";"";"";"";"Die überdimensionierte Militärvariante eines industriellen Plasmaschneiders; schmilzt feindliche Raumfahrzeuge, Stationen oder ganze Außenposten.";"";"3";"MSGDI @sketchfab";"";"-1";"";"";"";"";"-1";"";"";"";"";"";"14";"";"";"-6";""
"126";"equipment";"Kinetische Artillerie";"";"";"";"Zur kinetischen Artillerie gehören die schwersten der konventionellen Geschütze, die üblicherweise auf schweren Kreuzern und Schlachtschiffen zum Einsatz kommen. Sie können eine Vielzahl unterschiedlicher Munitionstypen mit bis zu 200 kg Granatengewicht laden und verschießen.";"";"3";"MSGDI @sketchfab";"";"-2";"";"";"";"";"";"";"";"";"";"";"8";"";"";"";""
"127";"equipment";"Protontorpedos";"";"Einmalige Verwendung";"";"Setzt bei der Detonation hochenergetische Protonenpartikel frei, welche ihr Ziel in Stücke reißen. Anders als andere Torpedosprengköpfe können diese jedoch von Energieschilden beeinträchtigt werden.";"";"3";"C. Thomsen";"";"";"-1";"";"";"";"";"";"";"";"";"";"15";"";"-6";"-7";""
"128";"hull";"Sternbasis [Sektion]";"Komponenten (3x Sektion)";"";"";"Zivile Sternbasissektionen werden häufig mit Subunternehmern betrieben, um nahegelegene Kolonien zu unterstützen.";"";"3";"pikabobalex @sketchfab";"1";"";"";"3";"2";"";"";"0";"14";"";"";"";"";"";"";"";""
"129";"tactic";"Planetarer Verteidigungsplan";"Intervention (Angriff)";"Wir müssen auf das Undenkbare vorbereitet sein.";"";"Negiere einen Angriff auf deine Kolonie oder auf eine Karte in deiner Koloniezone.";"Militär";"3";"C. Thomsen";"";"";"";"";"";"";"";"";"";"";"";"";"";"";"";"";""
"130";"equipment";"Flakartillerie";"";"";"";"Verschießt mit jeder Salve tausende von Hochgeschwindigkeitsschrapnellen, um herannahende Flugkörper schon auf großer Distanz zu eliminieren.";"";"2";"MSGDI @sketchfab";"";"-1";"";"";"";"";"";"";"";"";"";"1";"3";"";"";"";""
"131";"hull";"Fregatte [Bug]";"";"Komponenten (Bug, Heck)";"";"Fregatten werden in Kampfverbänden zur Unterstützung der größeren Schiffe in der Regel für spezialisierte Aufgaben eingesetzt.";"";"2";"C. Keough";"";"";"";"2";"";"";"";"";"7";"";"";"";"";"";"";"";""
"132";"hull";"Fregatte [Heck]";"";"Komponenten (Bug, Heck)";"";"Diese Fregatte ist mit einem Hangar für verschiedene Torpedos zur Bekämpfung von Großkampfschiffen versehen.";"";"2";"C. Keough";"";"";"2";"1";"";"1";"";"3";"7";"";"";"";"";"";"";"";""
"133";"hull";"Kreuzer [Bug]";"";"Komponenten (Bug, Kern, Heck)";"";"Kreuzer bilden das Rückgrad ernstzunehmender Kampfverbände. Sie können je nach Konfiguration für den schnellen Einsatz oder aber für größere Gefechtsszenarien optimiert werden.";"";"2";"Noupload @pixabay";"1";"";"1";"1";"";"";"";"";"9";"";"";"";"";"";"";"";""
"134";"hull";"Kreuzer [Heck]";"";"Komponenten (Bug, Kern, Heck)";"";"Kreuzer bilden das Rückgrad ernstzunehmender Kampfverbände. Sie können je nach Konfiguration für den schnellen Einsatz oder aber für größere Gefechtsszenarien optimiert werden.";"";"2";"Noupload @pixabay";"";"1";"";"2";"";"1";"";"2";"9";"";"";"";"";"";"";"";""
"135";"infrastructure";"Schiffswerft";"";"Aktion ( {ICON:hull} )";"";"Wir müssen unsere Flotte nur schneller erweitern als unsere Konkurrenten es können.";"";"2";"yamahadrummer2017 @sketchfab";"";"";"";"";"-1";"";"-2";"";"";"";"";"";"";"";"";"";""
"136";"equipment";"Plasmatorpedos";"";"Einmalige Verwendung";"";"Standardsprengköpfe zur Bekämpfung von gepanzerten Raumfahrzeugen im Vakuum. Plasmasprengladungen setzen dabei auf Hitzewirkung statt auf Strahlung oder Explosionsdruck.";"";"2";"MSGDI @sketchfab";"";"";"-1";"";"";"";"";"";"";"";"";"";"10";"";"-5";"";""
"137";"infrastructure";"Rechenzentrum";"";"Aktion ( {ICON:tactic} Information)";"";"""Die Gefahr, dass der Computer so wird wie der Mensch, ist nicht so groß wie die Gefahr, dass der Mensch so wird wie der Computer."" - Konrad Zuse";"";"2";"Schäferle @pixabay";"";"";"";"";"-1";"";"-1";"";"";"";"";"";"";"";"";"";""
"138";"infrastructure";"Handelsunternehmen";"";"Aktion ( {ICON:tactic} Wirtschaft)";"";"""Zum Handeln gehört wesentlich Charakter, und ein Mensch von Charakter ist ein anständiger Mensch, der als solcher bestimmte Ziele vor Augen hat und diese mit Festigkeit verfolgt."" - Georg Wilhelm Friedrich Hegel";"";"2";"C. Thomsen";"";"";"";"";"-1";"";"-1";"";"";"";"";"";"";"";"";"";""
"139";"tactic";"ECM-Emitter";"Deaktiviere {ICON:equipment} deines Gegners, die in Summe bis zu 4 {ICON:abm} bieten.";"Intervention (Gefechtsphasenbeginn)";"";"Einsatz von elektronischen Gegenmaßnahmen, um die Verteidigungs- und Zielerfassungssysteme des Feindes zu stören.";"Militär";"2";"11287688 @pixabay";"";"";"";"";"";"";"";"";"";"";"";"";"";"";"";"";""
"140";"equipment";"Deflektorschild";"";"";"";"Moderne Deflektorschilde benötigen zwar viel Energie, schützen jedoch vor den meisten konventionellen Strahlenwaffen.";"";"2";"C. Thomsen";"";"";"";"-1";"";"";"-2";"";"";"";"2";"";"";"";"";"";""
"141";"tactic";"Externe Arbeitskräfte";"";"Aktion ( {ICON:hull} + {ICON:hull} + {ICON:hull} )";"";"""Man hat Arbeitskräfte gerufen, und es kommen Menschen."" - Max Frisch";"Wirtschaft";"2";"D. Mark";"";"";"";"";"";"";"";"";"";"";"";"";"";"";"";"";""
"142";"tactic";"Ingenieure von Phobos";"Ziehe Karten bis du eine {ICON:hull} gezogen hast. Zeige sie deinen Gegnern und nimm sie auf die Hand. Mische die übrigen Karten in dein Deck.";"Aktion ( {ICON:hull} )";"";"Luna mag zwar die größten Schiffswerften des Sonnensystems beherbergen, doch die Ingenieure von Phobos sind häufiger geneigt, weit entfernten Kolonien ihre Dienste anzubieten.";"Wirtschaft";"2";"Royal Academy of Eng";"";"";"";"";"";"";"";"";"";"";"";"";"";"";"";"";""
"143";"tactic";"Waffenprototyp";"Ziehe Karten bis du eine {ICON:equipment} gezogen hast. Zeige sie deinen Gegnern und nimm sie auf die Hand. Mische die übrigen Karten in dein Deck.";"Aktion ( {ICON:equipment} )";"";"""Wenn du einen Prototyp erstellst, gehe davon aus, dass du Recht hast und alle anderen falsch liegen."" - Diego Rodriguez Telechea";"Wissenschaft";"2";"xresch @pixabay";"";"";"";"";"";"";"";"";"";"";"";"";"";"";"";"";""
"144";"tactic";"Kalte Fusion";"Spiele eine Karte ""Fusionsreaktor"" oder ""Kraftwerk"" aus und lege diese Karte an sie an.";"Haltbarkeit (Permanent)";"";"Im Gegensatz zu den gängigen Fusionsreaktoren benötigt dieser Reaktor keine thermonukleare Reaktion für die Kernfusion.";"Wissenschaft";"2";"P. Darío";"";"";"";"";"";"";"+1";"";"";"";"";"";"";"";"";"";""
"145";"infrastructure";"Fusionsreaktor";"";"";"";"In diesem Fusionsreaktor im Tokamak Design findet eine kontrollierte thermonukleare Reaktion von Deuterium und Tritium statt.";"";"2";"Wikipedia";"";"";"";"-2";"";"";"4";"";"";"";"";"";"";"";"";"";""
"146";"orb";"Europa";"";"Aktion ( {ICON:tactic} Wissenschaft) Multiplikator ( {ICON:tactic} Information)";"";"Der kleinste der vier großen Monde des Jupiters ist ein Eismond, unter dessen Oberfläche sich ein gewaltiger Ozean befindet.";"";"2";"NASA";"";"";"";"";"";"";"";"";"";"";"";"";"";"";"";"";""
"147";"infrastructure";"Kommandozentrale";"";"Aktion ( {ICON:tactic} Militär)";"";"""Es gibt keine schlechten Mannschaften, Marschall. Es gibt nur schlechte Offiziere."" - Napoleon I. Bonaparte";"";"2";"11287688 @pixabay";"";"";"";"";"-1";"";"-1";"";"";"";"";"";"";"";"";"";""
"148";"infrastructure";"Forschungslabor";"";"Aktion ( {ICON:tactic} Wissenschaft)";"";"""Der traurigste Aspekt derzeit ist, dass die Wissenschaft schneller Wissen sammelt, als die Gesellschaft Weisheit."" - Isaac Asimov";"";"2";"Sujet @pixabay";"";"";"";"";"-1";"";"-1";"";"";"";"";"";"";"";"";"";""
"149";"tactic";"Expertenkonferenz";"Ziehe Karten bis du zwei {ICON:tactic} gezogen hast. Zeige sie deinen Gegnern und nimm sie auf die Hand. Mische die übrigen Karten in dein Deck.";"";"";"Bringen wir die schlausten Köpfe an einen Tisch.";"Information";"2";"M. Ghezzo";"";"";"";"";"";"";"";"";"";"";"";"";"";"";"";"";""
"150";"equipment";"Fusionsbombentorpedos";"";"Einmalige Verwendung Verheerend (Kolonie)";"";"Die Gewalt einer Sonne entlädt sich bei der Zündung eines thermonuklearen Sprengkopfes. Lange Zeit galten sie auf der Erde als geächtete Waffen. Doch die Erde ist weit entfernt.";"";"2";"US Dep. of Energy";"";"";"-1";"-1";"";"";"";"";"";"";"";"";"12";"";"-6";"-3";""
"151";"equipment";"Kinetikwaffenbatterie";"";"";"";"Großkalibrige ballistische Geschütze, welche ummantelte Explosivgeschosse mit hoher Kadenz verschießen.";"";"2";"MSGDI @sketchfab";"";"-1";"";"";"";"";"";"";"";"";"";"";"5";"";"";"";""
"152";"hull";"Orbitaler Außenposten";"";"";"";"Ein kleiner orbitaler Außenposten, wie er üblicherweise in der Aufbauphase neuer Kolonien errichtet wird, um Schutz und logistische Grundversorgung zu gewährleisten.";"";"2";"NovA29R @sketchfab";"1";"";"1";"2";"1";"";"";"0";"10";"";"";"";"";"";"";"";""
"153";"hull";"Orbitaler Außenposten";"";"";"";"Ein kleiner orbitaler Außenposten, wie er üblicherweise in der Aufbauphase neuer Kolonien errichtet wird, um Schutz und logistische Grundversorgung zu gewährleisten.";"";"2";"C. Thomsen";"1";"1";"";"2";"1";"";"";"0";"10";"";"";"";"";"";"";"";""
"154";"infrastructure";"Bergbauaußenposten";"";"Aktion ( {ICON:infrastructure} )";"";"Gewinnung und Export von Erzen und seltenen Erden von den äußeren Monden brachte viele Glücksritter in die Regionen jenseits des Mars. Für das Wachstum der Kolonien ist ihre Arbeit unverzichtbar.";"";"2";"C. Thomsen";"";"";"";"";"-1";"";"-1";"";"";"";"";"";"";"";"";"";""
"155";"infrastructure";"Müllverarbeitungsanlage";"Du darfst am Ende deines Zuges die oberste Karte deines Ablagestapels unter dein Deck legen.";"";"";"Wir geben Weltraumschrott ein neues Leben.";"";"2";"LEEROY Agency";"";"";"";"";"-1";"";"-1";"";"";"";"";"";"";"";"";"";""
"156";"infrastructure";"Planetarer Schild";"";"Planetar";"";"Dieser Partikelschild deckt ein Areal von 14,7 km² ab.";"";"2";"MRowa @sketchfab";"";"";"";"";"";"";"-2";"";"5";"";"1";"";"";"";"";"";""
"157";"equipment";"Plasmawerfer";"";"";"";"Im Inneren eines Eindämmungsfeldes wird durch einen elektrischen Lichtbogen nahezu vollständig ionisiertes Plasma mit einer Temperatur von bis zu 50.000 Kelvin erzeugt.";"";"2";"MSGDI @sketchfab";"-1";"";"";"";"";"";"";"";"";"";"";"";"7";"";"";"-7";""
"158";"hull";"Raumstation [Sektion]";"";"Komponenten (2x Sektion)";"";"Raumstationen ermöglichen den schnellen Warenaustausch und den Transport zur Oberfläche mit Landeshuttles.";"";"2";"C. Thomsen";"1";"";"1";"2";"1";"";"";"0";"12";"";"";"";"";"";"";"";""
"159";"orb";"Ganymed";"";"Aktion ( {ICON:tactic} Information) Multiplikator ( {ICON:tactic} Wirtschaft)";"";"Ganymed ist der größte Mond des Sonnensystems, besitzt ein nennenswertes Magnetfeld und gilt als Tor zu den äußeren Welten.";"";"2";"NASA";"";"";"";"";"";"";"";"";"";"";"";"";"";"";"";"";""
"160";"hull";"Leichter Frachter";"";"";"";"Diese leichten Transportschiffe sind der Motor für die Expansion in die äußeren Welten.";"";"1";"eroyka @pixabay";"1";"";"";"1";"1";"1";"";"4";"5";"";"";"";"";"";"";"";""
"161";"equipment";"Ionenschubdüsen";"";"";"";"Ionentriebwerke nutzen den Rückstoß eines neutralisierten Ionenstrahls zur Fortbewegung. Sie verbrauchen dabei deutlich weniger Stützmasse als andere Antriebsarten.";"";"1";"NASA";"";"";"";"";"";"-1";"-1";"+1";"";"";"";"";"";"";"";"";""
"162";"tactic";"Schildüberladung";"Lege diese Karte an ein Schiff mit 1+ {ICON:shield}.";"Haltbarkeit (Spielzug) Einmalige Verwendung";"";"Alle Hilfsenergie auf die Schilde umleiten!";"Wissenschaft";"1";"S. Brown";"";"";"";"";"";"";"";"";"";"";"2";"";"";"";"";"";""
"163";"equipment";"Verbundpanzerung";"";"Einmalige Verwendung";"";"Verbundpanzerungen bestehen aus mehreren Schichten verschiedener Materialien wie Keramik und Stahl, um die strukturelle Integrität von Raumfahrzeugen zu erhöhen.";"";"1";"C. Thomsen";"";"";"";"-1";"";"";"";"";"+2";"";"";"";"";"";"";"";""
"164";"infrastructure";"Rüstungsschmiede";"";"Aktion ( {ICON:equipment} )";"";"Unsere Flotte selbst ausrüsten zu können ist der wichtigste Schritt zur autarken Verwaltung unserer Kolonie.";"";"1";"PIRO4D @pixabay";"";"";"";"";"-1";"";"-2";"";"";"";"";"";"";"";"";"";""
"165";"tactic";"Konvoi";"Ziehe eine Karte für jeden ungenutzten 𝚿-Sockel auf deinen Schiffen in der orbitalen Zone mit 2+ {ICON:speed}.";"";"";"Große logistische Unterfangen bei hohem Zeitdruck erfordern ausreichend Transportkapazität, können die Kolonie aber schnell voranbringen.";"Wirtschaft";"1";"C. Thomsen";"";"";"";"";"";"";"";"";"";"";"";"";"";"";"";"";""
"166";"equipment";"Laserkanone";"";"";"";"Auf Planeten mit dichter Atmosphäre sind Strahlenwaffen nur auf sehr kurze Distanz einsetzbar und haben militärisch daher kaum Relevanz. Doch im Vakuum des Alls reicht die Intensität gebündelter Strahlen, um auf bis zu hundert Kilometern Entfernung Metall zu schmelzen.";"";"1";"MSGDI @sketchfab";"-1";"";"";"";"";"";"";"";"";"";"";"";"3";"";"";"-3";""
"167";"equipment";"Nukleare Torpedos";"Einmalige Verwendung Verheerend (Kolonie)";"";"";"Die Atombombe ist eine veraltete Technologie, mit beschränkter Wirksamkeit in interplanetaren Flottengefechten. Ihrem Zerstörungspotential beim planetaren Einsatz verdankt sie jedoch den Ruf einer gefürchteten Massenvernichtungswaffe.";"";"1";"G. Altmann";"";"";"-1";"";"";"";"";"";"";"";"";"";"10";"";"-5";"-3";""
"168";"equipment";"Automatikkanone";"";"";"";"Trotz ihrer primitiven Mechanik, geringen Mündungsgeschwindigkeit und damit geringer Reichweite ist die Automatikkanone mit einer Kadenz von 9.600 Schuss pro Minute eine der zuverlässigsten Systeme zur Flugkörperabwehr.";"";"1";"MSGDI @sketchfab";"-1";"";"";"";"";"";"";"";"";"";"";"2";"2";"";"";"";""
"169";"infrastructure";"Verteidigungsnetz";"";"Planetar";"";"Ein dichter Verteidigungsperimeter der Verteidigungsstreitkräfte.";"";"1";"C. Thomsen";"";"";"";"";"";"";"";"";"5";"";"";"2";"";"";"";"";""
"170";"equipment";"Strahlenschilde";"";"";"";"Ursprünglich entworfen, um vor Sonnenwinden und kosmischer Strahlung zu schützen, bietet diese Vorrichtung ebenfalls einen gewissen Schutz vor Strahlen- und Partikelwaffen.";"";"1";"MRowa @sketchfab";"";"";"";"-1";"";"";"";"";"";"";"1";"";"";"";"";"";""
"171";"equipment";"Titanplattenpanzer";"";"Einmalige Verwendung";"";"Panzer aus Titanlegierungen verleihen der Schiffsaußenhaut Zähigkeit, Festigkeit und Duktilität und sind zudem sehr leicht.";"";"1";"C. Thomsen";"";"";"";"-1";"";"";"";"";"-1";"";"";"";"";"";"";"";""
"172";"infrastructure";"Ressourcensilo";"Erhöht die maximale Anzahl deiner Handkarten um 2.";"";"";"""Wer das Morgen nicht bedenkt, wird Kummer haben, bevor das Heute zu Ende geht."" - Konfuzius";"";"1";"P. Lachmann-Anke";"";"";"";"";"-1";"";"";"";"";"";"";"";"";"";"";"";""
"173";"tactic";"Ausweichmanöver";"Negiere einen Angriff auf ein Schiff mit 3+ {ICON:speed}.";"Intervention (Angriff)";"";"Hart steuerbord! Halben retrograden Schub!";"Militär";"1";"C. Thomsen";"";"";"";"";"";"";"";"";"";"";"";"";"";"";"";"";""
"174";"tactic";"Feldreperaturen";"Entferne bis zu 8 Schadensmarken von einer deiner {ICON:hull}-Karten.";"";"";"Nach Gefechten bleibt nicht immer Zeit, alle Schäden an einem Schiff durch Überholung im Dock zu beheben. Eine geschulte Crew ist in der Lage, die notwendigen Reparaturen an ihrem Schiff im Feld durchzuführen.";"Militär";"1";"WikiImages";"";"";"";"";"";"";"";"";"";"";"";"";"";"";"";"";""
"175";"tactic";"Spionagenetzwerk";"";"""Ein Spion am rechten Ort ersetzt 20.000 Mann an der Front."" - Napoleon I. Bonaparte";"";"Sieh dir die Handkarten eines Gegners an. Wähle eine Karte und lege sie auf seinen Ablagestapel.";"Information";"1";"P. Linforth";"";"";"";"";"";"";"";"";"";"";"";"";"";"";"";"";""
"176";"tactic";"Gegenspionage";"";"""Ultimative Exzellenz liegt nicht darin, jede Schlacht zu gewinnen, sondern den Feind zu besiegen, ohne jemals zu kämpfen."" - Sun Tzu;"";"Intervention ({ICON:tactic} Information, {ICON:tactic} Militär)";"Information";"1";"P. Linforth";"";"";"";"";"";"";"";"";"";"";"";"";"";"";"";"";""
"177";"hull";"Zerstörer [Bug]";"";"Komponenten (Bug, Heck)";"";"Zerstörer sind die Klasse kleinster Allzweckkriegsschiffe. Als solche können sie mit verschiedenen Waffensystemen ausgestattet werden.";"";"1";"C. Keough";"1";"1";"";"";"";"";"";"";"5";"";"";"";"";"";"";"";""
"178";"hull";"Zerstörer [Heck]";"";"Komponenten (Bug, Heck)";"";"Zerstörer sind die Klasse kleinster Allzweckkriegsschiffe. Als solche können sie mit verschiedenen Waffensystemen ausgestattet werden.";"";"1";"C. Keough";"";"";"1";"1";"";"1";"";"3";"5";"";"";"";"";"";"";"";""
"179";"equipment";"Pulskanone";"";"";"";"Winzige Metallkörner, die im Vakuum auf Geschwindigkeiten von bis zu 150 Kilometern pro Sekunde beschleunigt werden, können in Flottengefechten empfindliche Teile feindlicher Schiffe auf großer Distanz beschädigen.";"";"1";"MSGDI @sketchfab";"-1";"";"";"";"";"";"";"";"";"";"";"";"2";"";"";"";""
"180";"equipment";"Railgun";"";"";"";"Ein aktuelles Fabrikat eines elektromagnetischen Beschleunigers nach Militärstandard, die Railgun, welche Stahlgeschosse entlang ihrer zwei parallelen Magnetbahnen im Inneren des Waffenlaufs auf extreme Geschwindigkeiten beschleunigt.";"";"1";"MSGDI @sketchfab";"";"-1";"";"";"";"";"";"";"";"";"";"";"3";"";"";"";""
"181";"equipment";"Flugabwehrkanone";"";"";"";"Feindlicher Flugkörper im Anflugvektor 87.4|33.2|-12.0. Abfangen in T+34 Sekunden.";"";"1";"MSGDI @sketchfab";"-1";"";"";"";"";"";"";"";"";"";"";"1";"4";"";"";"";""
"182";"equipment";"Dual-Lasergeschütz";"";"";"";"Laserwaffen feuern fokussierte Lichtstrahlen auf ihr Ziel. Dieser Dual-Laser ausgestattete Waffenturm gehört zur Standardausrüstung vieler Kriegsschiffe.";"";"1";"MSGDI @sketchfab";"";"-1";"";"";"";"";"-1";"";"";"";"";"";"6";"";"";"-3";""
"183";"infrastructure";"Industriekomplex";"";"Planetar Aktion ( {ICON:hull} | {ICON:hull} | {ICON:hull} )";"";"""In der heutigen Gesellschaft, in der auf den individuellen Austausch basierenden Industrie, ist die Produktionsanarchie, die Quelle so vieles Elends, gleichzeitig die Ursache alles Fortschritts."" - Karl Marx";"";"1";"C. Thomsen";"";"";"";"";"";"";"-5";"";"";"";"";"";"";"";"";"";""
"184";"equipment";"Rumpferweiterung";"";"";"";"In den Werften der großen Jupitermonde werden in den inneren Welten konstruierte Schiffe häufig erweitert, um mehr Personal und Fracht aufnehmen zu können. Dass die Ästhetik der Schiffe darunter leidet, interessiert so weit draußen eh niemanden.";"";"1";"S. Vennebusch";"";"";"";"-1";"";"";"";"";"+4";"";"";"";"";"";"";"";""
"185";"infrastructure";"Kraftwerk";"";"Planetar";"";"Die Lichter der Kolonie sollen niemals erlöschen!";"";"0";"LEEROY Agency";"";"";"";"";"";"";"5";"";"";"";"";"";"";"";"";"";""
"186";"hull";"Korvette";"";"";"";"Korvetten sind kleine Kriegsschiffe, die von vielen Organisationen für bewaffnete Missionen eingesetzt werden.";"";"0";"ntnvnc @pixabay";"2";"";"";"1";"";"1";"";"4";"5";"";"";"";"";"";"";"";""
"187";"infrastructure";"Atomreaktor";"";"";"";"Die kontrollierte Kernspaltung bietet schon seit Jahrhunderten eine zuverlässige Energiequelle. Die kompakten Atomreaktoren lassen sich selbst auf kleineren Schiffen installieren.";"";"0";"Cosmic Level @pixabay";"";"";"";"-1";"";"";"2";"";"";"";"";"";"";"";"";"";""
"188";"infrastructure";"Solarpanele";"";"";"";"In den inneren Regionen des Sonnensystems ist Solarenergie ein Hauptenergieträger. Daher sind Solarpanele auch in den äußeren Welten trotz der geringen Sonneneinstrahlung häufig anzutreffen.";"";"0";"M. Jarmoluk";"";"";"";"";"";"";"1";"";"";"";"";"";"";"";"";"";""
"201";"equipment";"Morgenröte";"Führe diesen Angriff auf alle am Gefecht beteiligten Schiffe durch, außer auf das Schiff mit der Morgenröte.";"Wirkungslos (Kolonie)";"";"Die Entwicklung der Morgenröte galt als Mythos. Eine Waffe, gebaut, um eine Schlacht mit einem Mal zu entscheiden.";"";"5";"C. Thomsen";"-2";"";"";"";"";"";"-4";"";"";"";"";"2";"6";"";"";"-3";""
"202";"equipment";"Hermes Manöver-Booster";"Kann nur an Schiffe mit 3+ {ICON:speed} angelegt werden. Dieses Schiff kann nicht als Ziel für Waffen gewählt werden, die einen Φ-Sockel nutzen.";"";"";"Ein ausgeklügeltes System, welches die G-Kräfte auf die Besatzung bei plötzlicher Beschleunigung reduziert, erlaubt es diesem Schiff rasant zu manövrieren wie ein Gefechtskörper.";"";"5";"C. Thomsen";"";"";"";"";"";"-1";"-1";"";"";"";"";"";"";"";"";"";""
"203";"equipment";"Leerenfeld";"Wirkungslos (Kolonie)";"";"";"""In Wirklichkeit gibt es nur die Atome und das Leere."" - Demokrit";"";"5";"C. Thomsen";"";"-1";"";"";"";"";"-1";"";"";"";"";"";"6";"";"";"-1";""
"204";"tactic";"Zweite Dienstzeit";"Verschiebe alle {ICON:hull}-Karten von deinem Ablagestapel in deine Koloniezone, die notwendig sind, um ein vollständiges Schiff zusammenzustellen. Lege diese Karte an das Schiff an.";"";"";"Trotz der schweren Schäden konnte dieses alte Schiff so weit wiederhergestellt werden, dass es erneut seinen Dienst antritt.";"Militär";"5";"C. Thomsen";"";"";"";"";"";"";"";"-1";"-3";"";"";"";"";"";"";"";""
"205";"tactic";"Der große Coup";"Lege diese Karte an ein Schiff mit 1+ {ICON:speed}. Ziehe eine zusätzliche Karte, wenn dieses Schiff eine Mission absolviert.";"Haltbarkeit (Spielzug)";"";"""Wer nichts waget, der darf nichts hoffen."" - Friedrich Schiller";"Information";"4";"ntnvnc @pixabay";"";"";"";"";"";"";"";"";"";"";"";"";"";"5";"";"";""
"206";"equipment";"KI-Manöversystem";"Kann nur an Schiffe mit 4+ {ICON:speed} angelegt werden. Reduziere den {ICON:damage} durch Angriffe auf dieses Schiff auf 4 {ICON:damage}, falls er mehr als 4 {ICON:damage} verursachen würde (nach allen Abzügen).";"";"";"Dieses neuronale Netz vermag Präzisionsmanöver durchzuführen, wie es die besten Piloten nicht vermögen.";"";"4";"G. Altmann";"";"";"";"1";"";"-1";"";"";"";"";"";"";"";"";"";"";""
"207";"equipment";"Materiedesintegrator";"";"";"";"Materiedesintegratoren wenden Prinzipien höherdimensionaler Energiemanipulation auf unterdimensionalen Ebenen an, um die Wechselwirkungen von Teilchen entfernter Zielobjekte zu manipulieren. Leider funktionieren diese Waffensysteme nur zuverlässig, wenn zwischen Waffensystem und dem Ziel weder andere Partikel noch Energiefelder liegen, welche den Effekt beeinflussen.";"";"4";"bullwa @sketchfab";"-1";"";"";"";"";"";"";"";"";"";"X";"";"4";"";"";"";""
"208";"tactic";"Informationshändler";"Ziehe Karten bis du eine {ICON:tactic} gezogen hast. Zeige sie deinen Gegnern und nimm sie auf die Hand. Mische die übrigen Karten in dein Deck.";"Aktion ( {ICON:tactic} Information + {ICON:tactic} Wirtschaft + {ICON:tactic} Wissenschaft)";"";"Informationshändler sammeln und katalogisieren politische, wissenschaftliche und wirtschaftliche Daten und bieten sie dem höchstbietenden an.";"Information";"4";"G. Altmann";"";"";"";"";"";"";"";"";"";"";"";"";"";"";"";"";""
"209";"equipment";"Phasendisruptor";"";"";"";"Phasendisruptorwaffen interferieren mit den Bindungen der subatomaren Bausteine des Ziels und lösen unvorhersehbare Quanteneffekte aus. Sie gehören zu den wenigen Waffensystemen, gegen die es bislang keine effektiven Schutzmaßnahmen gibt, da weder Strahlenschilde noch Panzerungssysteme die Schadenswirkung dämpfen.";"";"4";"Kirilllucas @sketchfab";"";"-1";"";"";"";"";"";"";"";"";"";"";"4";"";"";"";""
"210";"tactic";"Schwarzmarkthandel";"Ziehe Karten, bis du 4 {ICON:equipment}-Karten gezogen hast, und nimm sie auf die Hand. Mische die übrigen Karten zurück in dein Deck.";"Tribut 1";"";"""Wenn man einen freien Markt vernichtet, schafft man einen Schwarzmarkt."" - Winston Churchill";"Wirtschaft";"4";"C. Thomsen";"";"";"";"";"";"";"";"";"";"";"";"";"";"";"";"";""
"211";"equipment";"Tarnkappe";"";"";"";"Eine spezielle Beschichtung, welche die meisten Licht- und Radiowellen absorbiert. Gekoppelt mit einem speziellen Antriebssystem mit minimaler Licht- und Hitzesignatur, sind so ausgestattete Schiffe nur schwer ausfindig zu machen.";"";"3";"C. Thomsen";"";"";"";"-1";"";"-1";"";"-1";"";"";"";"";"";"3";"";"";""
"212";"tactic";"Söldner";"Lege eine Karte auf deinen Ablagestapel. Spiele alle {ICON:hull}-Karten von deiner Hand aus um ein neues Schiff zu vollenden. Lege danach beliebig viele {ICON:hull} oder {ICON:hull}-Karten an dieses Schiff an.";"";"";"Viele Veteranen der Erdenkriege finden in den Konflikten der äußeren Kolonien einen Platz, um ihre Berufung fortzuführen. Ein Leben für den Tod.";"Militär";"3";"T. Budach";"";"";"";"";"";"";"";"";"";"";"";"";"";"";"";"";""
"213";"hull";"Fregatte [Heck]";"";"Komponenten (Bug, Heck)";"";"Mit einer Vielzahl kleiner Gefechtstürme dient diese Fregatte dem Schutz von Großkampfschiffen und Transportkonvois.";"";"3";"C. Keough";"3";"";"";"1";"";"1";"";"3";"7";"";"";"";"";"";"";"";""
"214";"tactic";"Bombenanschlag";"Führe diesen Angriff auf eine Karte in der Koloniezone eines Gegners oder auf die Kolonie eines Gegners aus.";"";"";"""Terror ist nichts anderes als sofortige, unnachsichtige und unbeugsame Gerechtigkeit; folglich ist er ein Ausfluß der Tugend."" - Maximilien de Robespierre";"Information";"3";"C. Thomsen";"";"";"";"";"";"";"";"";"";"";"";"";"3";"";"";"";""
"215";"equipment";"EMP Torpedos";"";"Einmalige Verwendung Paralysierend";"";"Ein Elektromagnetischer Impuls ist eine breitbandige elektro-magnetische Strahlung, die bei einem einmaligen, hochenergetischen Ausgleichsvorgang abgegeben wird.";"";"3";"AnirudhRao @sketchfab";"";"";"-1";"";"";"";"";"";"";"";"";"";"4";"";"-2";"-2";""
"216";"equipment";"Schwarmraketensystem";"Kann pro Gefecht nur einmal eingesetzt werden.";"";"";"Um das Verteidigungsnetz des Ziels zu durchdringen setzen Schwarmraketensysteme auf zahlreiche kleine Sprengköpfe, welche sich in kleinen Schwärmen dem Ziel von unterschiedlichen Seiten nähern.";"";"3";"C. Keough";"";"";"-1";"";"";"";"";"";"";"";"";"";"8";"";"-2";"";""
"217";"tactic";"Schrottsammler";"Wähle bis zu 3 Karten von deinem Ablagestapel, zeige sie deinen Gegnern und mische sie in dein Deck.";"";"";"Nicht jeder Raumfahrende ist ein Wissenschaftler oder Offizier. Einigen bleibt nur ihren Lebensunterhalt mit dem zu verdienen, was andere wegwerfen.";"Wirtschaft";"2";"C. Thomsen";"";"";"";"";"";"";"";"";"";"";"";"";"";"";"";"";""
"218";"tactic";"Blinder Fleck";"Wähle ein Schiff. Dieses Schiff kann nicht angreifen und seine {ICON:abm} nicht einsetzen, kann aber auch nicht zum Ziel von Angriffen werden.";"Intervention (Gefechtsphasenbeginn) Haltbarkeit (Gefechtsphase)";"";"Trotz optimaler Flugbahnberechnungen ist in hitzigen Gefechten ein Schiff manchmal nicht da, wo es sein sollte.";"Information";"2";"C. Thomsen";"";"";"";"";"";"";"";"";"";"";"";"";"";"";"";"";""
"219";"infrastructure";"Freihändlerkontor";"";"Aktion ( {ICON:tactic} Information + {ICON:tactic} Wirtschaft)";"";"""Krieg, Handel und Piraterie, Dreieinig sind sie, nicht zu trennen." - Johann Wolfgang von Goethe";"";"2";"I. Oprisan";"";"";"";"";"-2";"";"-3";"";"";"";"";"";"";"";"";"";""
"220";"hull";"Blockadebrecher";"";"";"";"Ein auf Grund seiner unübertroffenen Beschleunigung von Schmugglern und Plünderern präferiertes Schiff. Zehn gekoppelte Ionenschubdüsen könnten tagelang bis zu 12 G Schub bereitstellen, doch ist die Konstitution der Crew hierbei der limitierende Faktor.";"";"2";"morepolys @sketchfab";"1";"";"";"1";"";"";"";"5";"4";"";"";"";"";"";"";"";""
"221";"hull";"Schwerer Frachter [Bug]";"";"Komponenten (Bug, Heck)";"";"Für viele Freihändler, die keiner Nation oder Kolonie angehören, sind diese Frachter ihr Zuhause. Einige dieser Schiffe sind schon mehrere Generationen in den Händen der gleichen Händlerfamilie.";"";"2";"ribot02 @sketchfab";"2";"";"";"1";"1";"";"";"";"8";"";"";"";"";"";"";"";""
"222";"tactic";"Wracks plündern";"";"Wähle bis zu 3 {ICON:hull}-Karten von deinem Ablagestapel, zeige sie deinen Gegnern und mische sie in dein Deck. Ziehe eine Karte.";"";"Nehmt alles mit was ihr findet, von der Besatzung ist nach dem Aufsprengen der Luftschleusen eh keiner mehr übrig, der noch etwas von der Ausrüstung gebrauchen könnte.";"Information";"2";"Tohoku University";"";"";"";"";"";"";"";"";"";"";"";"";"";"";"";"";""
"223";"equipment";"Massebeschleuniger";"";"";"";"Eine größere Variante der Railgun, welche Kaliber mit doppelt so großer Masse verschießen kann.";"";"2";"C. Rudorff";"";"-1";"";"";"";"";"-1";"";"";"";"";"";"4";"";"";"";""
"224";"equipment";"Bergbaulaser";"";"Verheerend (Kolonie) Wirkungslos (3+ {ICON:speed})";"";"Eigentlich für den Asteroidenbergbau konstruiert, hat dieses Lasersystem auch eine fatale Wirkung beim Einsatz gegen planetare Stützpunkte.";"";"2";"Star Conflict @sketchfab";"-1";"";"";"-1";"";"";"";"";"";"";"";"";"7";"";"";"-6";""
"225";"orb";"Ceres";"Reduziert die maximale Anzahl deiner Handkarten um 1.";"Aktion ( {ICON:tactic}-Wirtschaft) Multiplikator ( {ICON:tactic}-Wirtschaft)";"";"Ceres ist ein zwischen Mars und Jupiter befindlicher Zwergplanet. Seine Position macht ihn zum wichtigsten Handelsstandort der äußeren Kolonien mit Mars, Luna, Erde und Venus.";"";"2";"NASA";"";"";"";"";"";"";"";"";"";"";"";"";"";"";"";"";""
"226";"hull";"Schwerer Frachter [Heck]";"";"Komponenten (Bug, Heck)";"";"Eine Variante des marsianischen Standardfrachtschiffes mit leichterem Design, um den Anforderungen der Freihändler in den äußeren Systemen gerecht zu werden.";"";"2";"ribot02 @sketchfab";"";"";"";"1";"1";"";"";"3";"7";"";"";"";"";"";"";"";""
"227";"hull";"Raumstation [Sektion]";"";"Komponenten (2x Sektion)";"";"Raumstationen ermöglichen den schnellen Warenaustausch und den Transport zur Oberfläche mit Landeshuttles.";"";"2";"C. Thomsen";"3";"";"";"2";"1";"";"";"0";"12";"";"";"";"";"";"";"";""
"228";"hull";"Orbitaler Außenposten";"";"";"";"Ein ziviler Außenposten mit minimaler Besatzung, aber viel Platz für das aufkeimende Geschäft auf dieser neuen Welt.";"";"2";"NovA29R @sketchfab";"1";"";"";"2";"2";"";"";"0";"10";"";"";"";"";"";"";"";""
"229";"tactic";"Bodenproben";"Ziehe Karten bis du 2 {ICON:orb} gezogen hast. Zeige sie deinen Gegnern und nimm sie auf die Hand. Mische die übrigen Karten in dein Deck.";"";"";"Nur dort, wo es Wasser, seltene Erden und Metalle gibt, lohnt sich eine Expansion der Kolonie, denn ohne eine ausgebaute Infrastruktur ist es schwer, diese Dinge zu transportieren.";"Wissenschaft";"2";"Pexels";"";"";"";"";"";"";"";"";"";"";"";"";"";"";"";"";""
"230";"infrastructure";"Verwaltungsbüros";"";"Multiplikator ( {ICON:infrastructure} )";"";"""Wenn der Wind der Veränderung weht, bauen die einen Windmühlen und die anderen Mauern."" - Chinesisches Sprichwort";"";"2";"Nikitos & 3130 @sketchfab";"";"";"";"";"-2";"";"-2";"";"";"";"";"";"";"";"";"";""
"231";"tactic";"Unruhen schüren";"Der aktive Spieler kann diese Runde eine {ICON:hull} und eine {ICON:hull}-Karte weniger ausspielen.";"Intervention (Rundenbeginn)";"";"""Es gibt nur eine Sache, die größer ist als die Liebe zur Freiheit: Der Hass auf die Person, die sie dir wegnimmt."" - Che Guevara";"Information";"2";"MasterTux @pixabay";"";"";"";"";"";"";"";"";"";"";"";"";"";"";"";"";""
"232";"tactic";"Warenlieferung";"Ziehe 2 Karten.";"";"";"Einige milde Gaben unserer privilegierten Unterstützer aus den Venus-Habitaten.";"Wirtschaft";"1";"M. Gaida";"";"";"";"";"";"";"";"";"";"";"";"";"";"";"";"";""
"233";"tactic";"ABM-KI";"Reaktiviere {ICON:equipment} deines Gegners, die in Summe bis zu 4 {ICON:abm} bieten.";"Intervention (Angriff)";"";"Eine künstliche Intelligenz, welche Flugmuster von Raketen und Torpedos vorhersagt und das Abwehrfeuer der Flotte gemäß prädiktiver Algorithmen synchronisiert.";"Wissenschaft";"1";"G. Altmann";"";"";"";"";"";"";"";"";"";"";"";"";"";"";"";"";""
"234";"equipment";"Punktabwehrlaser";"";"";"";"Wenn Flottengefechte länger andauern, ist das Letzte, was man möchte, dass die Munition der Abwehrkanonen ausgeht. Mancher Kapitän vertraut daher lieber auf die Lebensdauer seines Schiffakkus.";"";"1";"D. Spoon";"-1";"";"";"";"";"";"";"";"";"";"X";"2";"2";"";"";"";""
"235";"tactic";"Blindgänger";"Negiere den Angriff einer {ICON:equipment}, die einen Φ-Sockel benötigt.";"Intervention (Angriff)";"";"Wir sollten aufhören unsere Torpedos bei zwielichtigen Schmugglern auf Ceres zu kaufen.";"Wirtschaft";"1";"C. Thomsen";"";"";"";"";"";"";"";"";"";"";"";"";"";"";"";"";""
"236";"tactic";"Handelsembargo";"";"Intervention ({ICON:tactic} Wirtschaft, {ICON:tactic} Wissenschaft)";"";"Die Unterbrechung des Handels mit den etablierten Kolonien verschiebt den Fokus schnell auf naheliegende Herausforderungen, wie die Sicherstellung der Lebensmittelversorgung für die Kolonie.";"Wirtschaft";"1";"T. Budach";"";"";"";"";"";"";"";"";"";"";"";"";"";"";"";"";""
"237";"equipment";"Mini-Railgun";"";"";"";"Beschleunigt winzige Metallkörnchen auf bis zu 150 Kilometer pro Sekunde. Die Masse der Geschosse reicht zwar nicht aus, um Großkampfschiffe ernsthaft zu beschädigen, aber Gefechtsköpfe und kleine Flugkörper lassen sich mit dieser kleineren Railgunvariante bereits auf großer Distanz unschädlich machen.";"";"1";"Everlasting17 @sketchfab";"-1";"";"";"";"";"";"";"";"";"";"";"1";"1";"";"";"";""
"238";"infrastructure";"Schmugglernest";"Erhöhe die maximale Anzahl deiner Handkarten um 1.";"Planetar";"";"""Ich verabscheue Schmuggelei. Es ist ein Verbrechen gegen den fairen Handel und die Integrität der Gesellschaft."" - Nelson Mandela";"";"1";"Sergei Tokmakov";"";"";"";"";"";"";"";"";"4";"";"";"1";"";"";"";"";""
"239";"infrastructure";"Horchposten";"";"Aktion ( {ICON:tactic} Information)";"";"""Spionage ist der grenzüberschreitende Blick durchs Schlüsselloch."" - Unbekannt";"";"1";"J. B. Buß";"";"";"";"";"-1";"";"-2";"";"";"";"";"";"";"1";"";"";""
"240";"equipment";"Ceramo-Stahl";"";"Einmalige Verwendung";"";"Eine robuste Legierung, die sich äußerst kostengünstig herstellen lässt. Das verhältnismäßig hohe Gewicht ist bei der niedrigen Gravitation der äußeren Monden ein untergeordnetes Problem.";"";"1";"P. Linforth";"";"";"";"-1";"";"";"";"-1";"+3";"";"";"";"";"";"";"";""
"241";"equipment";"Freibeuterbesatzung";"Alle deine Gegner legen eine zufällige Handkarte ab, wenn dieses Schiff eine Mission absolviert.";"";"";"""Ich bin ein übelriechender, Grog-gurgelnder Pirat."" - Monkey Island";"";"1";"C. Thomsen";"";"";"";"-1";"";"";"";"";"";"";"";"";"";"";"";"";""
"242";"infrastructure";"Kraftwerk";"";"Planetar";"";"Unsere Geologen haben meterdicke Kohlenstoffablagerungen auf diesem Mond gefunden? Perfekt, errichten wir dort ein Kraftwerk.";"";"0";"D. Krumins";"";"";"";"";"";"";"5";"";"";"";"";"";"";"";"";"";""
"243";"hull";"Korvette";"";"";"";"Klein, schnell und günstig. Ausreichend für die meisten Operationen verschiedenster Organisationen.";"";"0";"J_ @sketchfab";"2";"";"";"1";"";"1";"";"4";"5";"";"";"";"";"";"";"";""
"244";"infrastructure";"Atomreaktor";"";"";"";"Die kontrollierte Kernspaltung bietet schon seit Jahrhunderten eine zuverlässige Energiequelle. Die kompakten Atomreaktoren lassen sich selbst auf kleineren Schiffen installieren.";"";"0";"Pixabay";"";"";"";"-1";"";"";"2";"";"";"";"";"";"";"";"";"";""
"245";"infrastructure";"Solarpanele";"";"";"";"Die günstigste und einfachste aller Energiequellen; zumindest solange man sich diesseits des Jupiters befindet. Dahinter wird es immer dunkler.";"";"0";"P. Pruzina";"";"";"";"";"";"";"1";"";"";"";"";"";"";"";"";"";""
"301";"orb";"Io";"";"Planetar Unerschöpflich";"";"Io liegt als innerster der großen Jupitermonde innerhalb von dessen starkem Magnetfeld, welches Elektronik jeglicher Art beeinträchtigt. Nahezu unerschöpflich jedoch ist die geothermische Energie, die sein starker Vulkanismus bietet.";"";"5";"NASA";"";"";"";"";"";"";"6";"";"";"";"";"1";"";"";"";"";""
"302";"equipment";"Götterdämmerung";"";"";"";"""Ich bin der Tod geworden, der Zerstörer der Welten."" - Robert Oppenheimer";"";"5";"C. Thomsen";"";"-3";"";"";"";"";"-6";"";"";"";"";"";"50";"";"";"-6";""
"303";"equipment";"Archenemitter";"";"";"";"""Im Krieg haben wichtige Ereignisse unscheinbare Ursachen."" - Julius Cäsar";"";"5";"C. Thomsen";"";"-2";"";"";"";"";"-2";"";"";"";"";"";"6";"";"";"";""
"304";"equipment";"Antimaterietorpedos";"Kann pro Gefecht nur einmal eingesetzt werden.";"";"";"Jeder dieser Sprengköpfe ist mit 2 kg Antimaterie bestückt, welche bei Annihilation eine Sprengkraft äquivalent zu 90 Megatonnen TNT freisetzt.";"";"5";"MSGDI @sketchfab";"";"";"-1";"";"";"";"-2";"";"";"";"";"";"22";"";"-11";"";""
"305";"infrastructure";"Terraformer";"Kommt der Multiplikatoreffekt zur Anwendung, erhältst du überdies:";"5x Multiplikator ( {ICON:orb} )";"Aktion (5x {ICON:tactic} | {ICON:hull} | {ICON:equipment} | {ICON:infrastructure} )";"Wir erschaffen neue Welten für die Menschheit.";"";"5";"C. Thomsen";"";"";"";"";"-2";"";"-4";"";"";"";"";"";"";"";"";"";""
"306";"hull";"Schlachtschiff [Bug]";"Komponenten (Bug, Kern, Heck)";"";"";"""Ich fürchte, alles, was wir getan haben, ist, einen schlafenden Riesen zu wecken und ihn mit einer furchtbaren Entschlossenheut zu erfüllen."" - Admiral Isoroku Yamamoto";"";"4";"lightwarrior @sketchfab";"";"1";"";"1";"";"";"";"";"15";"";"";"";"";"";"";"";""
"307";"tactic";"Astrodynamik";"Du darfst in diesem Gefecht Angriffe auf die Koloniezone deines Gegners bereits auf Reichweite 2 durchführen.";"Intervention (Gefechtsphasenbeginn)";"";"Nach Abschluss des Hohmann Manövers durch retrograden Schub, die Periapsis unter 70.000 senken.";"Wissenschaft";"4";"NASA";"";"";"";"";"";"";"";"";"";"";"";"";"";"";"";"";""
"308";"hull";"Schlachtschiff [Kern]";"";"Komponenten (Bug, Kern, Heck)";"";"Zusätzliche Sockel für anti-ballistische Verteidigungssysteme sollen dieses Schlachtschiff befähigen, auch ohne Eskortschiffe einen Torpedoangriff zu überstehen.";"";"4";"lightwarrior @sketchfab";"2";"2";"";"1";"";"";"";"";"10";"";"";"";"";"";"";"";""
"309";"hull";"Schlachtschiff [Heck]";"Komponenten (Bug, Kern, Heck)";"";"";"Damit dieses Schlachtschiff den Rest der Flotte nicht ausbremst, wurden die Triebwerke verstärkt und das Gewicht reduziert.";"";"4";"lightwarrior @sketchfab";"";"1";"";"2";"";"";"-2";"2";"11";"";"";"";"";"";"";"";""
"310";"equipment";"Gauss Kanone";"";"";"";"""Ob ich die Mathematik auf ein paar Dreckklumpen anwende, die wir Planeten nennen, oder auf rein arithmetische Probleme, es bleibt sich gleich."" - Carl Friedrich Gauß";"";"4";"L. A. Johansson";"";"-2";"";"";"";"";"-3";"";"";"";"";"";"5";"";"";"";""
"311";"hull";"Sternbasis [Sektion]";"Komponenten (3x Sektion)";"";"";"Sternbasen sind weitestgehend autarke Stationen, welche monatelang ohne Nachschubkonvois auskommen können.";"";"3";"pikabobalex @sketchfab";"";"1";"1";"2";"1";"";"";"0";"14";"";"";"";"";"";"";"";""
"312";"equipment";"Refraktorfeld";"Kann an kein Schiff angelegt werden, das bereits über mindestens 1 {ICON:shield} verfügt.";"Unerschöpflich";"";"Dieses auf der Venus patentierte physikalische Verfahren ist leider inkompatibel mit anderen gängigen Schildsystemen.";"";"3";"C. Thomsen";"";"";"";"-1";"";"";"-2";"";"";"";"1";"";"";"";"";"";""
"313";"hull";"Schlachtschiff [Bug]";"";"Komponenten (Bug, Kern, Heck)";"";"Schwer gepanzerte Schlachtschiffe sind ein seltener Anblick im äußeren Teil des Sonnesystems, da kaum eine Kolonie die Ressourcen zum Bau eines dieser Kollosse aufzubringen vermag.";"";"3";"lightwarrior @sketchfab";"";"2";"";"2";"";"";"";"";"11";"";"";"";"";"";"";"";""
"314";"hull";"Schlachtschiff [Kern]";"";"Komponenten (Bug, Kern, Heck)";"";"Schwer gepanzerte Schlachtschiffe sind ein seltener Anblick im äußeren Teil des Sonnesystems, da kaum eine Kolonie die Ressourcen zum Bau eines dieser Kollosse aufzubringen vermag.";"";"3";"lightwarrior @sketchfab";"";"3";"";"1";"";"";"";"";"11";"";"";"";"";"";"";"";""
"315";"hull";"Schlachtschiff [Heck]";"";"Komponenten (Bug, Kern, Heck)";"";"Schwer gepanzerte Schlachtschiffe sind ein seltener Anblick im äußeren Teil des Sonnesystems, da kaum eine Kolonie die Ressourcen zum Bau eines dieser Kollosse aufzubringen vermag.";"";"3";"lightwarrior @sketchfab";"";"1";"";"3";"";"";"-1";"1";"11";"";"";"";"";"";"";"";""
"316";"tactic";"Militärforschung";"";"Aktion (4x {ICON:tactic} Militär)";"";"""Wiederholen Sie nicht die Taktik, die Ihnen einen Sieg beschert hat, sondern lassen Sie Ihre Methoden durch die unendlichen Umstände regulieren."" - Sun Tzu";"Wissenschaft";"3";"G. Altmann";"";"";"";"";"";"";"";"";"";"";"";"";"";"";"";"";""
"317";"orb";"Kallisto";"";"Aktion ( {ICON:tactic} Militär) Multiplikator ( {ICON:equipment} )";"";"Kallisto ist der äußerste große Mond des Jupiters. Er dient den marsianischen Oligarchenhäusern schon lange als verlängerte Werkbank und militärischer Vorposten.";"";"3";"NASA";"";"";"";"";"";"";"";"";"";"";"";"";"";"";"";"";""
"318";"equipment";"Nova-Torpedos";"";"Einmalige Verwendung Verheerend (Kolonie)";"";"Nova-Torpedos sind moderne Neutronenbomben, die bei Detonation über eine Hitze- und Druckwirkung vergleichbar mit einer konventionellen Fusionsbombe verfügen, jedoch eine deutlich erhöhten Strahlungsausstoß aufweisen.";"";"3";"C. Thomsen";"";"";"-1";"";"";"";"-1";"";"";"";"";"";"14";"";"-7";"-4";""
"319";"tactic";"Zusatztorpedos";"Wähle ein Schiff. Reaktiviere alle an diesem Schiff anliegenden {ICON:equipment}, die einen Φ-Sockel benötigen.";"Intervention (Gefechtsphasenbeginn)";"";"Vergrößern wir unseren Torpedovorteil!";"Militär";"2";"C. Thomsen";"";"";"";"";"";"";"";"";"";"";"";"";"";"";"";"";""
"320";"infrastructure";"Legierungsgießerei";"";"Aktion ( {ICON:hull} | {ICON:equipment} )";"";"In diesen Hochöfen schmieden wir die Rümpfe unserer Schiffsmodule aus fortgeschrittenen Legierungen.";"";"2";"GMH official";"";"";"";"";"-1";"";"-3";"";"";"";"";"";"";"";"";"";""
"321";"tactic";"Recycling";"Lege die 6 obersten Karten deines Ablagestapels unter dein Deck.";"";"";"Schon vor Jahrhunderten mussten die Menschen lernen, dass sie die verfügbaren Ressourcen wiederverwerten mussten, um auf Welten mit lebensfeindlicher Umgebung zu überleben. Auf der Erde, wo die Menschen alles im Überfluss hatten, hat sich dieser Gedanke jedoch nie durchgesetzt.";"Wirtschaft";"2";"PIRO4D @pixabay";"";"";"";"";"";"";"";"";"";"";"";"";"";"";"";"";""
"322";"tactic";"Marsianisches Protektorat";"Es können keine Überfälle auf dich durchgeführt werden.";"Haltbarkeit (Spielzug)";"";"Niemand wäre so töricht, gegen ein von allen Oligarchenhäusern des Mars beschlossenes Dekret zu verstoßen und marsianisches Eigentum in einem ihrer Protektorate zu beschädigen.";"Information";"2";"E. Lutz";"";"";"";"";"";"";"";"";"";"";"";"";"";"";"";"";""
"323";"tactic";"Sabotage";"Führe diesen Angriff auf eine beliebige Karte aus.";"";"";"""Sabotage. Tödlicher als ein Sturzkampfjäger. Gib Acht!"" - Plakat des Büros für Notfall Management";"Information";"2";"C. Thomsen";"";"";"";"";"";"";"";"";"";"";"";"";"2";"";"";"";""
"324";"tactic";"Überladene Triebwerke";"Lege diese Karte an ein Schiff mit 1+ {ICON:speed} an.";"Haltbarkeit (Spielzug)";"";"Alle Hilfsenergie auf die Triebwerke! Vollen Schub!";"Wissenschaft";"2";"NASA";"";"";"";"";"";"";"";"+1";"";"";"";"";"";"";"";"";""
"325";"equipment";"Selbstreparierender Torso";"Entferne am Ende deines Zuges bis zu 2 Schadensmarken von diesem Schiff.";"";"";"Risse, Löcher und andere Kleinstschäden in der Außenhülle regeneriert das organisch-metallische Rumpfgewebe aus umliegenden Materialbeständen.";"";"2";"Y. Sun";"";"";"";"-1";"";"";"";"";"";"";"";"";"";"";"";"";""
"326";"hull";"Schwerer Frachter (Bug)";"";"Komponenten (Bug, Heck)";"";"Eine schwere Frachtervariante, die für gepanzerte Transporte eingesetzt wird. In den äußeren Kolonien trifft man diese von den Erdstreitkräften ausgemusterten Frachter häufig an.";"";"2";"ribot02 @sketchfab";"2";"";"";"1";"1";"";"";"-1";"12";"";"";"";"";"";"";"";""
"327";"hull";"Schwerer Frachter (Heck)";"";"Komponenten (Bug, Heck)";"";"Ein ausgemustertes Erdfrachtschiff, welches bis zur Unabhängigkeitserklärung der Venus für den Transport von Waren zwischen Erde, Luna und Venus genutzt wurde.";"";"2";"ribot02 @sketchfab";"";"";"";"2";"1";"1";"";"2";"8";"";"";"";"";"";"";"";""
"328";"hull";"Fregatte [Bug]";"";"Komponenten (Bug, Heck)";"";"Fregatten werden in Kampfverbänden zur Unterstützung der größeren Schiffe in der Regel für spezialisierte Aufgaben eingesetzt.";"";"2";"C. Keough";"";"";"";"2";"";"";"";"-1";"11";"";"";"";"";"";"";"";""
"329";"hull";"Fregatte [Heck]";"";"Komponenten (Bug, Heck)";"";"Diese Fregatte ist mit Sockeln und Energieleitungen für schwere Geschützbatterien versehen.";"";"2";"C. Keough";"";"2";"";"1";"";"1";"";"2";"7";"";"";"";"";"";"";"";""
"330";"tactic";"Tiefeninfiltration";"Der Spieler, der derzeit die meisten {ICON:control} hat, verliert 1 {ICON:control}.";"";"";"""Der Sieg kommt von Finden von Chancen in Problemen."" - Sun Tzu";"Information";"2";"M. Garlick";"";"";"";"";"";"";"";"";"";"";"";"";"";"";"";"";""
"331";"tactic";"Schadenskontrolle";"Entferne bis zu 3 Schadensmarken von einer deiner {ICON:hull}-Karten.";"Intervention (Gefechtsphasenende)";"";"Die Bekämpfung von Feuer, Eindämmung von Strahlung und Versiegelung von Rissen in der Schiffsaußenhaut, welche zur Dekompression des Innenraums führen, haben für die Besatzung oberste Priorität.";"Militär";"2";"U.S. Navy";"";"";"";"";"";"";"";"";"";"";"";"";"";"";"";"";""
"332";"equipment";"Ionenkanone";"";"Paralysierend";"";"""Der klügste Krieger ist der, der niemals kämpfen muss"" - Sunzi";"";"2";"C. Thomsen";"";"-1";"";"";"";"";"-1";"";"";"";"X";"";"1";"";"";"";""
"333";"infrastructure";"Marsianisches Konsulat";"";"Multiplikator ( {ICON:tactic} Information, Militär)";"";"Eine Botschaft, die den diplomatischen Kontakt zu einem der Herrschaftshäuser auf dem Mars hält. Auch wenn die Führer des Mars hegemonische Ziele verfolgen, ist dieser Kontakt für die Unabhängigkeit der Kolonie derzeit nützlich.";"";"2";"roythe3dguy @sketchfab";"";"";"";"";"-1";"";"-1";"";"";"";"";"";"";"";"";"";""
"334";"tactic";"Planetare Invasion";"Führe diesen Angriff auf Reichweite 1 gegen eine gegnerische Kolonie aus.";"Intervention (Gefechtsphasenende)";"";"""Los ihr verfluchten Racker, wollt ihr denn ewig leben?"" - König Friedrich II. der Große";"Militär";"2";"C. Thomsen";"";"";"";"";"";"";"";"";"";"";"";"";"10";"";"-4";"";""
"335";"tactic";"Schilddämpfer";"Wähle ein Schiff. Deaktiviere alle {ICON:equipment} an diesem Schiff, die {ICON:shield} bieten.";"Intervention (Gefechtsphasenbeginn)";"";"""Unbesiegbarkeit liegt in der Verteidigung. Die Möglichkeit des Sieges liegt im Angriff."" - Sun Tzu";"Wissenschaft";"2";"M. Watts";"";"";"";"";"";"";"";"";"";"";"";"";"";"";"";"";""
"336";"infrastructure";"Militärakademie";"";"Aktion ( {ICON:tactic} Militär + {ICON:tactic} Wissenschaft)";"";"Diese Einrichtung widmet sich der scholastischen Ausbildung junger Offiziere für die Leitung wichtiger Einrichtungen der Kolonie sowie für das Kommando unserer Flotte.";"";"2";"MRowa @sketchfab";"";"";"";"";"-1";"";"-2";"";"";"";"";"";"";"";"";"";""
"337";"tactic";"Militärpioniere";"";"Aktion ( {ICON:hull} + {ICON:equipment} )";"";"""Pioniere sind Leute in einer Truppe, die ganz weit vorn laufen, die zuerst mit dem Gesicht nach unten im Match landen und als Erste den Pfeil im Rücken haben."" - Thomas Krens";"Militär";"1";"T. Kanovich";"";"";"";"";"";"";"";"";"";"";"";"";"";"";"";"";""
"338";"tactic";"Nachschub";"Ziehe 2 Karten.";"";"";"In den Rängen der Oligarchen gibt es viele Admiräle, die ihre eigene Agenda verfolgen. Dass einer von ihnen unsere Kolonie mit regelmäßigen Nachschublieferungen unterstützt, ist ein großes Glück. Wir sollten daher lieber nicht nach seinen Motiven fragen.";"Militär";"1";"tomaszpro @pixabay";"";"";"";"";"";"";"";"";"";"";"";"";"";"";"";"";""
"339";"equipment";"Gatling";"";"";"";"Das 1861 nach Erfinder Richard Gatling benannte Prinzip vereint bis heute einen einfachen Ladevorgang mit hoher Kadenz und hoher Verlässlichkeit.";"";"1";"BenDodd @sketchfab";"-1";"";"";"";"";"";"";"";"";"";"";"2";"2";"";"";"";""
"341";"equipment";"Ködersystem";"";"";"";"Hunderte Täuschkörper stören die visuellen und thermischen Zielgeräte von Torpedos und Raketen, sodass gegnerische Kanoniere auf manuelle Steuerung umstellen müssen.";"";"1";"lightwarrior @sketchfab";"";"";"";"-1";"";"";"";"";"";"";"";"2";"";"";"";"";""
"342";"hull";"Torpedoboot";"";"";"";"Torpedoboote sind als Terrorwaffen in den äußeren Kolonien verrufen, da sie in der Vergangenheit von kleinen Extremistengruppen für nukleare Anschläge auf Kolonien Andersdenkender genutzt wurden.";"";"1";"lightwarrior @sketchfab";"";"";"1";"1";"";"1";"";"4";"4";"";"";"";"";"";"";"";""
"343";"equipment";"Laserphalanx";"";"";"";"Diese Varianten konventioneller Militärlaser werden auf Phobos entwickelt. Ihre patentierte Technik zur Phasenmodulation erhöht die Penetrationswirkung auf Strahlenschilde.";"";"1";"J. Delnaye";"-1";"";"";"";"";"";"-1";"";"";"";"";"";"4";"";"";"-2";""
"344";"equipment";"Fokuslaser";"";"";"";"Anders als bei den meisten industriellen und militärischen Lasern ist die Streuung dieses Fokuslasers so gering, dass seine thermische Wirkung selbst auf über 100 Kilometern nahezu unverändert ist.";"";"1";"re1monsen @sketchfab";"-1";"";"";"";"";"";"";"";"";"";"";"";"2";"";"";"-2";""
"345";"infrastructure";"Autonomer Stützpunkt";"";"Planetar";"";"";"";"1";"ESA";"";"";"";"";"";"";"1";"";"4";"";"";"1";"";"";"";"";""
"346";"tactic";"Space Marines";"";"Intervention ({ICON:tactic} Militär, {ICON:tactic} Wirtschaft)";"";"Diese für den Einsatz auf Raumschiffen ausgebildeten Spezialeinheiten werden vielfältig zum Schutz von Konvois, Infiltration, Exfiltration, Attentate und Entermanöver eingesetzt.";"Militär";"1";"Zack9222 @pixabay";"";"";"";"";"";"";"";"";"";"";"";"";"";"";"";"";""
"347";"equipment";"Impulslaser";"";"";"";"Eine weitere marsianische Modifikation an den standard Dual-Lasergeschützen des Erdmilitärs. Die Feuerkraft ist vergleichbar, aber der Energieverbrauch ist deutlich reduziert.";"";"1";"unleasharun @sketchfab";"";"-1";"";"";"";"";"";"";"";"";"";"";"5";"";"";"-5";""
"348";"hull";"Kanonenboot";"";"";"";"Kanonenboote sind in den Militärflotten von Erde, Mars und Venus als Teil schwerer Kampfformationen fester Bestandteil. In den Kolonialflotten sind sie jedoch seltener anzutreffen, da es ihnen an Flexibilität für verschiedenartige Einsätze fehlt.";"";"1";"light_ua @sketchfab";"";"1";"";"1";"";"1";"";"3";"5";"";"";"";"";"";"";"";""
"349";"equipment";"Dura-Stahl Platten Panzerplatten";"Einmalige Verwendung";"";"";"Speziell für Großkampfschiffe werden diese Panzerplatten in den Höllenschmieden des Merkurs, tief unter der Oberfläche, geschmiedet.";"";"1";"C. Thomsen";"";"";"";"-2";"";"";"";"";"+4";"";"";"";"";"";"";"";""
"350";"infrastructure";"Kraftwerk";"";"Planetar";"";"""Meiner Idee nach ist Energie die erste und einzige Tugend des Menschen."" - Wilhelm von Humboldt";"";"0";"C. Thomsen";"";"";"";"";"";"";"5";"";"";"";"";"";"";"";"";"";""
"351";"hull";"Korvette";"";"";"";"""Auf! Matrosen, die Anker gelichtet, Segel gespannt und Kompaß gerichtet! Liebchen, Ade! Scheiden thut weh; Morgen geht's in die wogende See."" - Wilhelm Gerhard";"";"0";"CGPitbull @sketchfab";"2";"";"";"1";"";"1";"";"4";"5";"";"";"";"";"";"";"";""
"352";"infrastructure";"Atomreaktor";"";"";"";"""Elektrizität ist organisiertes Gewitter."" - George Carlin";"";"0";"C. Thomsen";"";"";"";"-1";"";"";"2";"";"";"";"";"";"";"";"";"";""
"353";"infrastructure";"Solarpanele";"";"";"";"Die Sonne versorgt die Erde konstant mit einer Leistung von 120.000 TW. Heute benötigt die Menschheit eine Leistung von 300 TW. Das entspricht weniger als einem Tag Sonneneinstrahlung im Jahr.";"";"0";"ESA";"";"";"";"";"";"";"1";"";"";"";"";"";"";"";"";"";""
"401";"equipment";"Guillotine";"Verursacht -6 {ICON:damage} (vor allen Abzügen) je {ICON:damage} des Ziels.";"Wirkungslos (Kolonie)";"";"Gegen die Übermacht der marsianischen Schlachtschiffe während der Säuberung von Kallisto entwickelten Ingenieure der Dissidenten diesen mächtigen Waffenprototypen.";"";"5";"C. Thomsen";"";"-2";"";"";"";"";"-3";"";"";"";"";"";"30";"";"";"-8";""
"402";"equipment";"Silberner Dart";"Lege diese Karte ab, nachdem du mit ihr einen Angriff durchgeführt hast.";"";"";"""Wenn das Wasser den Fels bewegt, ist dies wahre Kraft. Wenn der Falke seine Beute schlägt, so ist dies Präzision. Gleiches gilt für den erfolgreichen Krieger."" - Sunzi";"";"5";"C. Thomsen";"";"";"-1";"";"";"";"-3";"";"";"";"";"";"36";"";"-6";"-4";""
"403";"orb";"Pluto";"Du kannst die {ICON:infrastructure}-Karte ""Solarpanele"" nicht ausspielen. Solange du ""Solarpanele"" im Spiel hast, kann diese Karte nicht ausgespielt werden.";"Aktion ( {ICON:tactic} | {ICON:hull} | {ICON:equipment} | {ICON:infrastructure} )";"";"Der größte Zwergplanet des Sonnensystems liegt mitten im Kuipergürtel. Das Leben so weit entfernt von der Sonne ist hart, aber es gibt hier draußen unzählige Schätze.";"";"5";"NASA";"";"";"";"";"";"";"";"";"";"";"";"";"";"";"";"";""
"404";"tactic";"Universelle KI";"Ziehe Karten bis du eine {ICON:tactic} gezogen hast. Zeige sie deinen Gegnern und nimm sie auf die Hand. Mische die übrigen Karten in dein Deck.";"Aktion (2x {ICON:tactic} )";"";"Spezialisierte künstliche Intelligenzen werden bereits seit Beginn des 21. Jahrhunderts verwendet. Heute ist die technische Singularität durch selbstoptimierende künstliche Intelligenzen zum Greifen nah.";"Wissenschaft";"5";"C. Thomsen";"";"";"";"";"";"";"";"";"";"";"";"";"";"";"";"";""
"405";"equipment";"Thermallanze";"Verheerend (Kolonie)";"";"";"""Verbrennen musst du dich wollen in deiner eigenen Flamme. Wie wolltest du neu werden, wenn du nicht zuvor Asche geworden bist!"" - Friedrich Nietzsche";"";"4";"C. Thomsen";"";"-2";"";"";"";"";"-2";"";"";"";"";"";"6";"";"";"-5";""
"406";"equipment";"Kohlenstoffsilikatpanzer";"";"Einmalige Verwendung";"";"Hergestellt aus überall verfügbaren Bausteinen, ist diese hochentwickelte halb-organisch, halb-anorganische Legierung robuster und belastbarer, als die meisten seiner auf Metalllegierungen basierende Alternativen.";"";"4";"C. Thomsen";"";"";"";"-2";"";"";"";"";"+7";"";"";"";"";"";"";"";""
"407";"tactic";"Massenträgheit";"Wähle ein Schiff mit 0-2 {ICON:speed}. Dieses Schiff kann auf Reichweite 2 auch von {ICON:equipment} mit Reichweite 1 angegriffen werden.";"Intervention (Gefechtsphasenbeginn) Haltbarkeit (Spielzug)";"";"In Raumgefechten wird die effektive Reichweite einer Waffe durch die Fähigkeit des Feindes, ballistischen Geschossen auszuweichen, begrenzt.";"Militär";"4";"C. Thomsen";"";"";"";"";"";"";"";"";"";"";"";"";"";"";"";"";""
"408";"tactic";"Sonneneruption";"Jederzeit während eines Gefechts spielbar. Jedes an dem Gefecht beteiligte Schiff mit 1-3 {ICON:speed} erleidet einen Treffer.";"";"";"Sonneneruptionen der Klassifikation ab X35 mit einer Röntgenstrahlungsenergie von über 3.500 µW/m² sind für die Crew eines Schiffes innerhalb von Minuten tödlich.";"Wissenschaft";"4";"NASA";"";"";"";"";"";"";"";"";"";"";"";"";"10";"";"";"-5";""
"409";"equipment";"Plasmabeschleuniger";"";"";"";"Eine mysteriöse Apparatur, welche eine Sphäre aus vollständig ionisiertem Plasma speist. Fremdartig wirkt diese Technologie, wie nicht von Menschenhand geschaffen. Aber der Mensch nutzt sie, um mit ihr ganze Kontinente zu verbrennen.";"";"4";"C. Thomsen";"";"-2";"";"";"";"";"-2";"";"";"";"";"";"27";"";"";"-6";""
"410";"orb";"Miranda";"";"Multiplikator ( {ICON:tactic} Militär) Planetar Unerschöpflich";"";"Die durch die komplexe Oberfläche geschützten Höhlen auf Miranda eignen sich hervorragend für eine unterirdische Operationsbasis.";"";"4";"NASA";"";"";"";"";"";"";"";"";"";"";"";"";"";"";"";"";""
"411";"equipment";"Neutrinobeschleuniger";"";"Paralysierend";"";"Neutrinos üben nur eine schwache Wechselwirkung auf Materie aus. Konzentrierte und beschleunigte Tau-Neutrino-Wellen stören jedoch die meisten modernen Sensoren und Quantencomputer.";"";"3";"C. Thomsen";"";"-1";"";"";"";"";"-2";"";"";"";"";"";"1";"";"";"-1";""
"412";"equipment";"Langstreckentorpedos";"Einmalige Verwendung";"";"";"Die meisten Gefechtstorpedos sind mit ausreichend Treibstoff für einen effektiven Einsatz auf bis zu 1.000 Kilometern ausgestattet. Langstreckentorpedos mit 10-mal größerer Reichweite sind taktische Waffen, um Ziele ohne ausreichend Flugkörperabwehr bereits auszuschalten, bevor diese ihre Torpedos einsetzen können.";"";"3";"C. Thomsen";"";"";"-1";"";"";"";"";"";"";"";"";"";"8";"";"-4";"";""
"413";"infrastructure";"Logistikknotenpunkt";"Ist diese Karte an ein Schiff mit 1+ {ICON:speed} angelegt, verfügt sie überdies über:";"Aktion ( {ICON:tactic} Wirtschaft)";"Multiplikator ( {ICON:tactic} Militär, Wirtschaft)";"Zur Etablierung eines Versorgungsnetzwerks für die Kolonie bedarf es etlicher logistischer Optimierungsaufgaben zu meistern und Arbeitskräfte sowie Ladekapazität zur rechten Zeit am rechten Ort verfügbar zu haben.";"";"3";"C. Thomsen";"";"";"";"";"-1";"";"-2";"";"";"";"";"";"";"";"";"";""
"414";"tactic";"Fehlfunktion";"Negiere einen Angriff von einem Schiff mit mindestens 2 angelegten {ICON:equipment}.";"Intervention (Angriff)";"";"Die Wartung dieser Maschine wurde etwas zu lange hinausgezögert.";"Wissenschaft";"3";"C. Thomsen";"";"";"";"";"";"";"";"";"";"";"";"";"";"";"";"";""
"415";"tactic";"Köder";"Wähle ein Schiff des aktiven Spielers. Der Spieler muss diese Runde eine Mission oder einen Überfall durchführen und das gewählte Schiff muss teilnehmen.";"Intervention (Rundenbeginn) Haltbarkeit (Spielzug)";"";"Fette Beute, geringes Risiko. Klingt zu gut, um wahr zu sein...";"Information";"3";"C. Thomsen";"";"";"";"";"";"";"";"";"";"";"";"";"";"";"";"";""
"416";"tactic";"Lücke im Verteidigungsnetz";"Bewege ein Schiff mit 0 {ICON:speed} in die neutrale Zone. Es nimmt nicht mehr am Gefecht teil.";"Intervention (Rundenbeginn)";"";"Die wenigsten Raumstationen befinden sich geostationär direkt über der Kolonie, die sie schützen. Stattdessen befinden sie sich auf ihrer Umlaufbahn, die Hälfte der Zeit auf der der Kolonie abgewandten Mondseite.";"Information";"3";"C. Thomsen";"";"";"";"";"";"";"";"";"";"";"";"";"";"";"";"";""
"417";"tactic";"Kritischer Treffer";"Führe diesen Angriff auf ein am Gefecht beteiligtes Schiff aus, das mindestens 1 {ICON:damage} erlitten hat.";"Intervention (Gefechtsphasenende)";"";"Kritische Schäden auf Decks 7 bis 9... Energieversorgung eingeschränkt... Primärwaffe ist offline!";"Information";"3";"C. Thomsen";"";"";"";"";"";"";"";"";"";"";"";"";"6";"";"";"";""
"418";"hull";"Fregatte [Bug]";"";"Komponenten (Bug, Heck)";"";"Fregatten werden in Kampfverbänden zur Unterstützung der größeren Schiffe in der Regel für spezialisierte Aufgaben eingesetzt.";"";"3";"C. Keough";"";"";"";"3";"";"";"";"";"6";"";"";"";"";"";"";"";""
"419";"tactic";"Entermanöver";"Nur für Reichweite 1 einsetzbar. Führe diesen Angriff auf ein am Gefecht beteiligtes Schiff mit 0-3 {ICON:speed} durch.";"Intervention (Gefechtsphasenende)";"";"Zwei dutzend unserer besten Space Marines warten in den Enterkapseln auf ihren Einsatz. Nur wenige von ihnen werden zurückkehren.";"Militär";"2";"C. Thomsen";"";"";"";"";"";"";"";"";"";"";"";"4";"8";"";"";"";""
"420";"equipment";"Donnerkanone";"";"";"";"""Donner ist gut und eindrucksvoll, aber die Arbeit leistet der Blitz."" - Mark Twain";"";"2";"C. Thomsen";"";"-1";"";"";"";"";"-1";"";"";"";"";"";"11";"";"";"";""
"421";"equipment";"Salvenlaser";"";"";"";"Die leistungsstarken Salvenlaser wurden speziell für den mobilen Einsatz von leichten Korvetten konzipiert.";"";"2";"C. Thomsen";"-2";"";"";"";"";"";"-1";"";"";"";"";"";"6";"";"";"-3";""
"422";"equipment";"Feuersturmtorpedos";"";"Einmalige Verwendung Verheerend (Kolonie)";"";"""Verdecktes Feuer brennt mit größerer Kraft."" - William Shakespeare";"";"2";"C. Thomsen";"";"";"-1";"";"";"";"";"";"";"";"";"";"8";"";"-4";"";""
"423";"tactic";"Wissenschaftlicher Durchbruch";"Sieh dir die obersten 7 Karten seines Decks an. Wähle eine Karte und nimm sie auf die Hand. Mische die übrigen Karten zurück in dein Deck.";"";"";"""Das schönste Glück des denkenden Menschen ist, das Erforschliche erforscht zu haben und das Unerforschliche zu verehren."" - Johann Wolfgang von Goethe";"Wissenschaft";"2";"C. Thomsen";"";"";"";"";"";"";"";"";"";"";"";"";"";"";"";"";""
"424";"equipment";"Sturmgeschütz";"";"";"";"Saturn Arms brachte eine ganze Serie dieser Geschütze auf den Rüstungsmarkt und füllte mit ihnen die Nische zwischen schweren Belagerungsgeschützen und Punktverteidiungssystemen.";"";"2";"C. Thomsen";"";"-1";"";"";"";"";"-1";"";"";"";"";"1";"8";"";"";"";""
"425";"equipment";"Reaktivpanzerung";"Wird immer bei der ersten Anwendung deaktiviert, unabhängig von der Höhe des verursachten {ICON:damage}.";"";"";"";"";"2";"C. Thomsen";"";"";"";"-1";"";"";"";"";"";"";"";"";"";"";"";"";""
"426";"equipment";"Schildbooster";"Benötigt mindestens ein weiteres an das Schiff angelegtes {ICON:shield} durch eine andere {ICON:equipment}-Karte.";"";"";"Unsere Ingenieure hatten da eine Idee. Der Kapitän war so frei sie etwas an den Schiffsmodulen optimieren zu lassen.";"";"2";"C. Thomsen";"";"";"";"-1";"";"";"-1";"";"";"";"2";"";"";"";"";"";""
"427";"tactic";"Immigranten von der Erde";"Ziehe Karten bis du 2 {ICON:orb} gezogen hast. Zeige sie deinen Gegnern und nimm sie auf die Hand. Mische die übrigen Karten in dein Deck.";"";"";"Die Menschen haben die Erde im 21. und 22. Jahrhundert nahezu komplett verwüstet. Viele der knapp 10 Milliarden Erdenbewohner würden alles für eine neue Heimat im Sonnensystem aufgeben.";"Wirtschaft";"2";"C. Thomsen";"";"";"";"";"";"";"";"";"";"";"";"";"";"";"";"";""
"428";"tactic";"Ausmanövriert";"Wähle ein Schiff mit 0-2 {ICON:speed}. Dieses Schiff darf diese Gefechtsphase nicht angreifen.";"Intervention (Gefechtsphasenbeginn)";"";"Unser vorgetäuschter Angriff von der sonnenabgewandten Mondseite, gefolgt von einem Zangenmanöver, hat den Kapitän des feindlichen Flagschiffs komplett aus dem Konzept gebracht.";"Militär";"2";"C. Thomsen";"";"";"";"";"";"";"";"";"";"";"";"";"";"";"";"";""
"429";"tactic";"Futuristische Industrie";"";"Aktion ( {ICON:equipment} + 2x {ICON:infrastructure} )";"";"""Idealisten, Denker, vereinen sich, um zu zeigen, wie Inspiration und Genie mit dem Fortschritt der Maschine, des Flugzeugs, der Industrie, des Handels, der Wissenschaften und der Elektrizität Schritt halten."" - Filippo Tommaso Marinetti";"Wissenschaft";"2";"C. Thomsen";"";"";"";"";"";"";"";"";"";"";"";"";"";"";"";"";""
"430";"tactic";"Informant auf Ganymed";"Ziehe eine Karte. Alle Gegner legen die obersten 3 Karten ihres Decks ab.";"";"";"Informationshändler auf Ganymed verkaufen abgefangene Transmissionen, Warenlisten und persönliche Daten an den Höchstbietenden.";"Information";"2";"C. Thomsen";"";"";"";"";"";"";"";"";"";"";"";"";"";"";"";"";""
"431";"tactic";"Schwachstellenanalyse";"Alle Angriffe gegen dieses Schiff verursachen +2 {ICON:damage} (vor allen Abzügen).";"Intervention (Gefechtsphasenbeginn) Haltbarkeit (Gefechtsphase)";"";"Unsere Informaten haben uns die Baupläne und Konfigurationen der feindlichen Schiffe beschafft. Nun wissen wir, wie wir sie besiegen können.";"Information";"2";"C. Thomsen";"";"";"";"";"";"";"";"";"";"";"";"";"";"";"";"";""
"432";"orb";"Oberon";"";"Aktion ( {ICON:equipment} )";"";"Der äußerste der 5 großen Uranusmonde wurde während der frühen Expansion in die äußeren Teile des Sonnensystems als Versuchsgelände für neue Waffensysteme genutzt. Die Überbleibsel der militärischen Infrastruktur werden heute von Industriellen für die Ressourcenförderung und Herstellung von Munition und Schiffsausrüstung verwendet.";"";"2";"NASA";"";"";"";"";"";"";"";"";"";"";"";"";"";"";"";"";""
"433";"orb";"Triton";"Die {ICON:infrastructure}-Karte ""Solarpanele"" kann nicht an die Kolonie angelegt werden. Wenn ""Solarpanele"" an der Kolonie angelegt sind, kann diese Karte nicht ausgespielt werden.";"Aktion ( {ICON:hull} )";"";"Der mit Abstand größte Mond des Neptuns ist der letzte Zwischenstopp vor dem Kuipergürtel. Zahlreiche Expeditionsschiffe liegen hier zur Wartung.";"";"2";"NASA";"";"";"";"";"";"";"";"";"";"";"";"";"";"";"";"";""
"434";"equipment";"Leichtbauweise";"";"";"";"Konstruktionsvorlagen von Rennschiffen und Luxusyachten, wie sie von superreichen Venusianern bevorzugt werden, wurden vielfältig für militärische Zwecke abgewandelt. Die Bauteile vieler leichter Aufklärer enthalten die Siegel namenhafter Hersteller der Venus.";"";"2";"C. Thomsen";"";"";"";"";"";"-1";"";"+1";"-3";"";"";"";"";"";"";"";""
"435";"infrastructure";"Gewerbegebiet";"";"Multiplikator ( {ICON:tactic} Wirtschaft, Wissenschaft)";"";"""Was ist denn das Gewerbe, wenn es nicht von der Kunst beseelt ist?"" - Johann Wolfgang von Goethe";"";"2";"C. Thomsen";"";"";"";"";"-1";"";"-1";"";"";"";"";"";"";"";"";"";""
"436";"hull";"Panzerschiff";"";"";"";"Anders als ihre Schwesterschiffe, die Kanonenboote, sind Panzerschiffe für den Einsatz in erster Frontlinie konzipiert und werden hierfür häufig mit verbesserter Panzerung ausgestattet.";"";"2";"C. Thomsen";"";"1";"";"2";"";"";"";"2";"8";"";"";"";"";"";"";"";""
"437";"tactic";"Kopfgeld";"Wähle ein gegnerisches Schiff. Ziehe 4 Karten, wenn dieses Schiff zerstört wird.";"Haltbarkeit (Permanent)";"";"Jemand auf diesem Schiff hat sich mächtige Feinde gemacht.";"Information";"1";"C. Thomsen";"";"";"";"";"";"";"";"";"";"";"";"";"";"";"";"";""
"438";"equipment";"Feldannihilator";"";"Wirkungslos (Kolonie)";"";"Zivile und militärische Strahlenschilde basieren allesamt auf derselben Methode zur Verdichtung von Mesonen. Dieser Effekt lässt sich durch Emission entsprechender Anti-Teilchen negieren.";"";"1";"C. Thomsen";"-1";"";"";"";"";"";"";"";"";"";"";"";"2";"";"";"-1";""
"439";"hull";"Mittelschwerer Frachter";"";"";"";"Ein erschwingliches Schiff mit großem Frachtraum, das von Flüchtlingsschleppern auf der Erde genauso genutzt wird wie von aufstrebenden Freihändlern, marsianischen Logistikern und Expediteuren am Rand des Kuipergürtels. Nur für die hochgeborenen Venusianer ist dieses Lastentier wohl etwas zu schmucklos.";"";"1";"C. Thomsen";"1";"";"";"2";"1";"1";"";"3";"6";"";"";"";"";"";"";"";""
"440";"equipment";"Impulskanone";"";"";"";"Ein Hybrid aus einem Partikelbeschleuniger und einer auf Lichtimpulsen basierende Strahlenwaffe.";"";"1";"C. Thomsen";"-1";"";"";"";"";"";"";"";"";"";"X";"1";"2";"";"";"";""
"441";"equipment";"Flechette-Werfer";"";"";"";"Die Abwesenheit von atmosphärischen Reibungseffekten bei Flottengefechten im Vakuum begünstigt den effektiven Einsatz von Beschleunigern für Splitter-, Fragment- und Schrotmunition. Dieses Geschütz beschleunigt tausende Fragmente mit jeder Salve und kann einen Feuerbereich von einigen Grad Bogenminuten abdecken.";"";"1";"C. Thomsen";"-1";"";"";"";"";"";"";"";"";"";"";"1";"5";"";"";"";""
"442";"tactic";"Triebwerksschaden";"Lege diese Karte an ein gegnerisches Schiff an.";"Intervention (Gefechtsphasenbeginn) Haltbarkeit (Spielzug)";"";"""Ein richtiger Steuermann fährt mit zerissenem Segel, und wenn er die Takelage verloren hat, zwingt er dennoch den entmasteten Rumpf des Schiffes auf Kurs."" - Lucius Annaeus Seneca";"Wirtschaft";"1";"C. Thomsen";"";"";"";"";"";"";"";"-1";"";"";"";"";"";"";"";"";""
"443";"tactic";"Computer-Virus";"";"Intervention ({ICON:tactic} Information, {ICON:tactic} Wissenschaft)";"";"Trotz ausgeklügelter Firewalls lässt sich Malware in sensible Netzwerke einschleusen. Regelmäßig gelingt dies durch Manipulation unachtsamer Mitarbeiter. #social_engineering";"Wissenschaft";"1";"G. Altmann";"";"";"";"";"";"";"";"";"";"";"";"";"";"";"";"";""
"444";"hull";"Zerstörer [Bug]";"";"Komponenten (Bug, Heck)";"";"Zerstörer sind die Klasse kleinster Allzweckkriegsschiffe. Als solche können sie mit verschiedenen Waffensystemen ausgestattet werden.";"";"1";"C. Keough";"1";"";"1";"";"";"";"";"";"5";"";"";"";"";"";"";"";""
"445";"hull";"Zerstörer [Heck]";"";"Komponenten (Bug, Heck)";"";"Zerstörer sind die Klasse kleinster Allzweckkriegsschiffe. Als solche können sie mit verschiedenen Waffensystemen ausgestattet werden.";"";"1";"C. Keough";"";"1";"";"1";"";"1";"";"3";"5";"";"";"";"";"";"";"";""
"446";"hull";"Orbitaler Außenposten";"";"";"";"In den Randbereichen des Sonnensystems existieren einige Außenposten schon seit Jahrzehnten. Die orbitalen Stationen dort wurden über die Jahre notdürftig zusammengehalten und mit den Resten havarierter Schiffe und ausgemusterter Raumstationen geflickt.";"";"1";"C. Thomsen";"2";"";"";"2";"1";"";"";"0";"9";"";"";"";"";"";"";"";""
"447";"equipment";"Schildgondel";"";"";"";"Die Strahlenschilde im terranischen Design sind kompakt und lassen sich platzsparend an standardisierten Sockeln montieren. Dieses improvisierte Schildsystem jedoch ist weder kompakt, standardisiert noch ästhetisch; aber es tut seinen Job.";"";"1";"C. Thomsen";"";"";"";"-2";"";"";"";"";"+2";"";"1";"";"";"";"";"";""
"448";"infrastructure";"Schildkuppel";"";"Planetar";"";"Zum Schutz der Kolonisten vor kosmischer Strahlung.";"";"1";"C. Thomsen";"";"";"";"";"";"";"-1";"";"5";"";"1";"";"";"";"";"";""
"449";"equipment";"Schwerer Rumpf";"";"";"";"Es gibt zahllose Varianten gängiger Schiffstypen da draußen. Viele dieser Varianten sind darauf optimiert, ihre Besatzung am Leben zu halten.";"";"1";"C. Thomsen";"";"";"";"";"";"-1";"";"-1";"+5";"";"";"";"";"";"";"";""
"450";"hull";"Korvette";"";"";"";"Korvetten werden seit dem 17. Jahrhundert als schnelle, kostengünstige Kriegsschiffe eingesetzt. Wie heute dienten sie meist für Kurier- und Aufklärungsmissionen sowie zum Stören des Handels feindlicher Mächte und dem Schutz eigener Handelsrouten.";"";"0";"C. Thomsen";"2";"";"";"1";"";"1";"";"4";"5";"";"";"";"";"";"";"";""
"451";"infrastructure";"Atomreaktor";"";"";"";"Kleine modulare Reaktorbrennkammern sorgen verteilt über das Schiff für eine hochverfügbare Stromversorgung.";"";"0";"C. Thomsen";"";"";"";"-1";"";"";"2";"";"";"";"";"";"";"";"";"";""
"452";"infrastructure";"Solarpanele";"";"";"";"In der Anfangszeit der solaren Kolonisation wurden die meisten Schiffe mit Solarzellen ausgestattet. Als die Menschheit jedoch immer weiter in die Randbereiche des Sonnensystems vordrang, schwand der Nutzen dieser unerschöpflichen Energiequelle.";"";"0";"C. Thomsen";"";"";"";"";"";"";"1";"";"";"";"";"";"";"";"";"";""
"453";"infrastructure";"Kraftwerk";"";"Planetar";"";"Thorium-Reaktoren wurden zuerst zur Besiedlung der Venus-Hemissphäre in großer Stückzahl produziert. Heute sind sie auch für weniger wohlhabende Unternehmer erschwinglich.";"";"0";"C. Thomsen";"";"";"";"";"";"";"5";"";"";"";"";"";"";"";"";"";""
